Species,ObjectID,GlobalID,Species,Other Species,Comments,Approximate Area of Population,Approximate Number of Individual Plants Present and Accessible,Evidence of Disturbance/Damage,If Other Factor Please Specify,Notes,Percent of Population in Vegetative Growth,Percent of Population Flowering,Percent of Population with Developing Seed,Percent of Population with Mature Seed,Percent of Population Post Seed-Dispersal,Select the Most Frequently Occurring Seed Type,Other Damage:,Estimated Number of Healthy Seeds per Fruit:,Estimated Number of Fruits per Individual Plant,Viability Calculation Result,Are There at Least 50 Plants with Mature Seed in This Population?,Seeds_Collected,Notes,ParentGlobalID,CreationDate,Creator,EditDate,Editor,Associated Species
NAVI4,1,31b480d7-ef1f-4cac-92f6-194f4f8f83b9,NAVI4,,,5,250000,"Grazed_Domestic,Trampled",,Minimal cattle presence,0,0,5,35,60,Healthy,,1,38,1900000,yes,yes,,d7e1e421-f2c9-4a61-b112-947ff4a54c31,7/13/2023 21:28,ac15_CSUesri,7/13/2023 21:28,ac15_CSUesri,
BOGR2,2,8114640e-8fb4-487e-b167-4ee576c33a81,BOGR2,,,5,100000,"Grazed_Wildlife,Trampled",,,10,20,70,0,0,Empty,,1,45,900000,no,no,,d7e1e421-f2c9-4a61-b112-947ff4a54c31,7/13/2023 21:28,ac15_CSUesri,7/13/2023 21:28,ac15_CSUesri,
SPAI,3,55365288-b996-4f07-a9c2-fea6bd52a99d,SPAI,,,0.0005,18,No_Damage,,,5,0,5,40,50,Healthy,,25,10,900,no,no,,d7e1e421-f2c9-4a61-b112-947ff4a54c31,7/13/2023 21:28,ac15_CSUesri,7/13/2023 21:28,ac15_CSUesri,
KOMA,4,7f3766a3-5931-4a89-8f55-f42dbb038ac6,KOMA,,,5,50000,"Grazed_Wildlife,Trampled",,,30,0,70,0,0,Empty,,6,12,720000,yes,no,,d7e1e421-f2c9-4a61-b112-947ff4a54c31,7/13/2023 21:28,ac15_CSUesri,7/13/2023 21:28,ac15_CSUesri,
PSSP6,5,f65a993a-9d5b-4d93-8594-340c037ded44,PSSP6,,,5,10000,No_Damage,,,5,0,10,15,70,Empty,,1,8,16000,yes,no,,d7e1e421-f2c9-4a61-b112-947ff4a54c31,7/13/2023 21:28,ac15_CSUesri,7/13/2023 21:28,ac15_CSUesri,
PASM,6,a280a4be-4c40-42b6-9ec2-dca8c188d173,PASM,,,5,100000,"Trampled,Grazed_Wildlife",,,80,15,5,0,0,Empty,,3,10,600000,no,no,,d7e1e421-f2c9-4a61-b112-947ff4a54c31,7/13/2023 21:28,ac15_CSUesri,7/13/2023 21:28,ac15_CSUesri,
RACO3,7,ff9c6341-1fc7-4cc8-a96f-d0323c2d6ea8,RACO3,,,2,500,No_Damage,,,10,80,10,0,0,Empty,,1,200,20000,no,no,,d7e1e421-f2c9-4a61-b112-947ff4a54c31,7/13/2023 21:28,ac15_CSUesri,7/13/2023 21:28,ac15_CSUesri,
BOGR2,8,5f8a1cbe-f825-4987-9ec2-16a052059395,BOGR2,,,1,10000,Trampled,,Minimal damage due to cattle walking,50,25,25,0,0,Empty,,1,50,100000,no,no,Empty seed option selected in this survey is meant to indicate seed has not yet matured. ,ae8ee68c-de3b-4fd1-8642-18a926d20625,7/13/2023 21:28,ac15_CSUesri,7/13/2023 21:28,ac15_CSUesri,
KOMA,9,a6239481-d23c-4773-8685-3bd2d75973ed,KOMA,,,1,5000,Trampled,,Minimal damage from cattle walking,50,0,50,0,0,Empty,,3,13,39000,no,no,Empty option selected meant to indicate immature seed.,ae8ee68c-de3b-4fd1-8642-18a926d20625,7/13/2023 21:28,ac15_CSUesri,7/13/2023 21:28,ac15_CSUesri,
NAVI4,10,b914cb79-3924-4eb5-90af-5b33a133c116,NAVI4,,,9,500000,No_Damage,,Some beetles on inflorescences,10,0,10,70,10,Healthy,,15,9,13500000,yes,yes,,9c9f5e43-d1ee-44e4-a161-5f85b9fc4818,7/13/2023 21:28,ac15_CSUesri,7/13/2023 21:28,ac15_CSUesri,
None,11,7580c974-de6b-4ffc-b9f1-c317f45ee31e,None,,New oil and gas pipeline suspected NE of road behind barbed wire fence close to HEVI4 from SEINET documented collection site.,0,0,Other,Oil and gas pipeline,,0,0,0,0,0,Healthy,,0,0,0,no,no,,47eca464-4b75-424a-84c3-d7eaf4cdc877,7/13/2023 21:28,ac15_CSUesri,7/13/2023 21:28,ac15_CSUesri,
SPCR,12,e79dedab-f9be-4620-b198-cb5a7f950019,SPCR,,,15,1000000,No_Damage,,,5,5,30,50,10,Healthy,,100,27,540000000,yes,yes,,27df92ab-86e3-4a74-aee6-9957cc384099,7/13/2023 21:28,ac15_CSUesri,7/13/2023 21:28,ac15_CSUesri,
NAVI4,13,170a4076-a514-457e-9a6f-7ce5383d6a6e,NAVI4,,,5,15000,No_Damage,,,20,0,10,30,40,Healthy,,6,10,180000,yes,no,,27df92ab-86e3-4a74-aee6-9957cc384099,7/13/2023 21:28,ac15_CSUesri,7/13/2023 21:28,ac15_CSUesri,
NAVI4,14,588b86e3-770c-48dc-a537-74d2f9799107,NAVI4,,,7,4000,Grazed_Wildlife,,Very minimal damage,10,5,10,50,25,Healthy,,10,13,104000,yes,yes,,084aab3c-e7a6-4ec6-977e-cd3d432345b8,7/13/2023 21:28,ac15_CSUesri,7/13/2023 21:28,ac15_CSUesri,
BOGR2,15,76709a0c-a82d-4ca7-9835-16434ea3b89d,BOGR2,,,,10000,No_Damage,,,10,15,75,0,0,Healthy,,,,,no,no,Location for collection ,4a790056-437c-4310-8c4b-07ceb49a31db,7/13/2023 21:28,ac15_CSUesri,7/13/2023 21:28,ac15_CSUesri,
SPCR,16,08bf2b66-90e4-44a1-86a8-c8c1532538df,SPCR,,,,4000,No_Damage,,,5,5,50,30,10,Healthy,,,,,no,no,,4a790056-437c-4310-8c4b-07ceb49a31db,7/13/2023 21:28,ac15_CSUesri,7/13/2023 21:28,ac15_CSUesri,
HEVI4,17,7f46faf2-78bf-4ed2-8cb5-ec6f8ce418eb,HEVI4,,,,500,No_Damage,,,10,80,10,0,0,Healthy,,,,,no,no,"Other spp for potential collection: B gracilis, D purpurea",34054a11-ce1c-49f2-9997-419ccee5bc2b,7/24/2023 13:50,ac15_CSUesri,7/24/2023 13:50,ac15_CSUesri,
KOMA,18,b27f0a28-59bb-4f98-93b2-7c61daebeeb0,KOMA,,,,2000,Other,Exotic spp present in small patches,,55,0,0,5,40,Healthy,,,,,no,no,Seeds shattered/passed maturity,a6e2d704-3aba-4e5e-a3b0-5a7a2aee69d7,7/24/2023 13:50,ac15_CSUesri,7/24/2023 13:50,ac15_CSUesri,
RACO3,19,ba7f2499-34c4-4801-9587-f1bfc389f027,RACO3,,,,300,No_Damage,,,15,70,15,0,0,Healthy,,,,,no,no,"Potential collection site for Elymus glaucus/trachycaulis, must ID and confirm Elymus spp 1st",cba200c2-5a8f-412f-a59b-30b4c0e6ae60,7/24/2023 13:50,ac15_CSUesri,7/24/2023 13:50,ac15_CSUesri,
DAPU,20,dbd627c5-15b0-4b66-a502-4f0384606a96,DAPU,,,,600,No_Damage,,,10,70,10,0,0,Healthy,,,,,no,no,"Other spp: N viridula, H villosa, K macrantha",19cae91b-49c6-4902-9298-eeb7f3655ff2,7/24/2023 13:50,ac15_CSUesri,7/24/2023 13:50,ac15_CSUesri,
BOGR2,21,ee1a6fcc-c164-459a-91a5-5f09da1f77b2,BOGR2,,,,400,No_Damage,,,30,10,60,0,0,Healthy,,,,,no,no,"Other spp: D purpurea, H villosa, maybe P secunda, some N viridula, ",30ac24b8-8a2e-4995-a21e-1a2f0bb0bae2,7/24/2023 13:50,ac15_CSUesri,7/24/2023 13:50,ac15_CSUesri,
BOGR2,22,4ab6ef62-95e7-4ee6-a072-2d9e80a5ca2b,BOGR2,,,,1000,Other,Disturbance,,10,20,70,0,0,Healthy,,,,,no,no,"Rough 4WD to access area; Other potential spp for collection: H villosa, P smithii, N viridula (small patch of A gerardii in vicinity along rd)",3a68f482-45a3-42f2-a4b7-a899b9b1d990,7/24/2023 13:50,ac15_CSUesri,7/24/2023 13:50,ac15_CSUesri,
BOGR2,23,2a08078f-3a55-4534-ace0-40211fb416d9,BOGR2,,,,1000,"Grazed_Domestic,Other",Some non-native spp,,10,10,80,0,0,Healthy,,,,,no,no,"Other spp to collect: K macrantha, S cryptandrus, H villosa, some N viridula, 1 D purpurea, ",1f34f24a-44e6-41e1-a9d2-036ae04d5c4b,7/24/2023 13:50,ac15_CSUesri,7/24/2023 13:50,ac15_CSUesri,
KOMA,24,8096c82e-88f8-4f5b-8cb5-172223651a5e,KOMA,,,,500,Grazed_Domestic,,,20,40,40,0,0,Healthy,,,,,no,no,"Other spp to collect: E trachycaulis, only a few Penstemon",06e593fa-3027-4d1c-8d41-0e3c1a444620,7/24/2023 13:50,ac15_CSUesri,7/24/2023 13:50,ac15_CSUesri,
ELTR7,25,408ff1e0-39e2-4086-95ef-c965ff46c747,ELTR7,,,,200,"Grazed_Domestic,Other",Potential timber sale area several years or decades ago; potential re-seeded area,,10,60,30,0,0,Healthy,,,,,no,no,"Other spp to collect: N viridula present in smaller numbers, a few individuals of Penstemon spp; forested areas in Black Hills often timbered so DO NOT collect E trachycaulus or N viridula in forested areas with evidence of timber harvest as these 2 spp are in seed mix used post-timber harvest on BHNF",4e1e2a90-7c97-4e5d-8122-428614f0a22e,7/24/2023 13:50,ac15_CSUesri,7/24/2023 13:50,ac15_CSUesri,
KOMA,26,5d7d9cb1-e81d-4928-ba78-d7d1d3f40c2d,KOMA,,,,1000,Grazed_Domestic,,,10,10,70,10,0,Healthy,,,,,yes,yes,Cutting plant near base to encourage further maturation of seed,b673142f-98a3-40cd-ade6-377aecbd4d99,7/24/2023 13:50,ac15_CSUesri,7/24/2023 13:50,ac15_CSUesri,
THRH,27,9dc35c83-0707-4b5b-9c38-cd2cc0714186,THRH,Thermopsis spp.,,,1000,Other,Wildfire high severity in 2000,,5,0,10,80,5,Healthy,,,,,yes,yes,,711dd77b-d33f-4456-b052-03f7ee244149,7/24/2023 13:50,ac15_CSUesri,7/24/2023 13:50,ac15_CSUesri,
PSSP6,28,552a169e-2552-4561-9c14-cf4e4bdfe89e,PSSP6,,,,50,"Timber_Harvest,Other",high severity wildfire in 2000,,10,0,5,15,70,Healthy,,,,,no,no,"Other spp to collect: K macrantha, some N viridula",02a95f6f-73b9-4030-9bce-4371e6303395,7/24/2023 13:50,ac15_CSUesri,7/24/2023 13:50,ac15_CSUesri,
NAVI4,29,83f91818-a06a-4605-b014-633b59b2d740,NAVI4,,,,50,No_Damage,,,10,0,40,30,20,Healthy,,,,,no,no,"N viridula lookalike: Stipa columbiana;  Other potential spp to collect: P spicata, E trachycaulus",fbc69c0a-9097-4214-908f-bc06585b438e,7/24/2023 13:50,ac15_CSUesri,7/24/2023 13:50,ac15_CSUesri,
NAVI4,30,87e3820b-f382-42ec-8480-2118ff576206,NAVI4,,,,200,No_Damage,,,10,10,50,20,10,Healthy,,,,,no,no,"Other potential spp to collect: KOMA, RACO",651f900c-e1f6-40ca-b617-599c91d49ec8,7/24/2023 13:50,ac15_CSUesri,7/24/2023 13:50,ac15_CSUesri,
NAVI4,31,7a47b5cc-7cf3-4366-9704-a4bcb9d76d30,NAVI4,,,1,1500,"Grazed_Domestic,Timber_Harvest",,Across the road timber harvest completed with other trees marked,10,0,20,50,20,Healthy,,,,,yes,yes,,e2ee9338-73e3-4268-8202-c93e5c4f685e,7/24/2023 13:50,ac15_CSUesri,7/24/2023 13:50,ac15_CSUesri,
BOGR2,32,bc6792c1-c47c-4f3c-9d5e-b658ac45f22e,BOGR2,,,5,25000,No_Damage,,,5,0,10,65,20,Healthy,,1,20,100000,yes,yes,,f6a4ce02-0095-40da-8d71-1bfaedadf851,7/25/2023 21:25,ac15_CSUesri,7/25/2023 21:25,ac15_CSUesri,
HEVI4,33,66b67961-fe38-4653-ba6b-25d560ec12ab,HEVI4,,,0.8,5000,Insect_damage,,"Very minimal, removed beetles from bag",5,15,20,35,25,Healthy,,1,500,500000,yes,yes,,ea43fde5-48e3-4902-85a4-e5008140263f,7/28/2023 17:49,ac15_CSUesri,7/28/2023 17:49,ac15_CSUesri,
BOGR2,34,09232bae-8c44-4a63-b895-ec7d1280b7d2,BOGR2,,,5,25000,No_Damage,,,5,30,50,10,5,Immature,,1,20,100000,yes,no,,ea43fde5-48e3-4902-85a4-e5008140263f,7/28/2023 17:49,ac15_CSUesri,7/28/2023 17:49,ac15_CSUesri,
BOGR2,35,e0a987df-147c-4e35-b13b-95b76a7cbc55,BOGR2,,,2,10000,Grazed_Domestic,,,5,0,50,35,10,Healthy,,34,2,136000,yes,yes,,4fd5177d-3ef3-4de2-80bf-6fd18eed2c8a,7/28/2023 17:49,ac15_CSUesri,7/28/2023 17:49,ac15_CSUesri,
PEAL2,36,7c3323c3-8b27-43a9-b0c6-7c5630a8d97b,PEAL2,Penstemon albidus,,1,400,Other,Evidence of shooting,,5,0,50,30,15,Immature,,30,25,45000,yes,yes,,45a90016-c8a7-4d93-bdc0-14cc2a64487c,7/28/2023 17:49,ac15_CSUesri,7/28/2023 17:49,ac15_CSUesri,
RACO3,37,b176c922-3bbb-49b4-890d-b1dcabb653f3,RACO3,,,0.5,250,No_Damage,,,20,60,15,5,0,Immature,,50,10,10000,no,no,"On route to site, small patch.",45a90016-c8a7-4d93-bdc0-14cc2a64487c,7/28/2023 17:49,ac15_CSUesri,7/28/2023 17:49,ac15_CSUesri,
BOGR2,38,b4ca42c3-94d2-40d3-8ff2-5267dca41fe7,BOGR2,,,10,50000,Other,Evidence of shooting,,10,5,60,20,5,Immature,,20,3,600000,no,no,,45a90016-c8a7-4d93-bdc0-14cc2a64487c,7/28/2023 17:49,ac15_CSUesri,7/28/2023 17:49,ac15_CSUesri,
PASM,39,0044a2c0-78a3-4750-872a-43068ff6c2fa,PASM,,,1,1000,No_Damage,,,10,5,70,10,0,Immature,,1,96,19200,no,no,,45a90016-c8a7-4d93-bdc0-14cc2a64487c,7/28/2023 17:49,ac15_CSUesri,7/28/2023 17:49,ac15_CSUesri,
BOGR2,40,864ef354-a8ee-460b-9e87-07b2a44b97e9,BOGR2,,,3,10000,Grazed_Domestic,,,5,0,10,65,20,Healthy,,,,,yes,yes,,61ac9921-406a-4f14-afc7-a243a83b844b,7/28/2023 17:52,ac15_CSUesri,7/28/2023 17:52,ac15_CSUesri,
BOGR2,41,9ccbe32e-5c89-4243-9ad7-46b4de5103f9,BOGR2,,,,10000,Grazed_Domestic,,,5,0,10,65,20,Healthy,,20,40,1600000,yes,yes,,61ac9921-406a-4f14-afc7-a243a83b844b,7/28/2023 17:52,ac15_CSUesri,7/28/2023 17:52,ac15_CSUesri,
PASM,42,af40302b-6a8c-4c29-b6a0-e20143d2c80a,PASM,,,0.1,500,Grazed_Domestic,,,15,5,70,10,0,Healthy,,8,10,8000,no,no,"Other spp to collect: B gracilis, some R columnifera in area",9dfe99bb-29db-4516-be56-88803919cf1a,7/28/2023 17:53,ac15_CSUesri,7/28/2023 17:53,ac15_CSUesri,
BOGR2,43,f859be6b-5640-433e-a757-9deb909559a5,BOGR2,,,10,500000,Grazed_Domestic,,,5,0,30,55,10,Healthy,,20,3,6000000,yes,yes,Area filled with stickers making collectiions unpleasant and paiinful,c36b4f24-c9a3-40e0-bd5c-c95dc4d258fc,7/28/2023 17:53,ac15_CSUesri,7/28/2023 17:53,ac15_CSUesri,
NAVI4,44,5cd25f3e-7ed3-4670-ba7f-b9835b71893f,NAVI4,,,5,100000,"Other,Timber_Harvest",Severe wildfire in 2000,,10,0,10,40,40,Healthy,,1,40,800000,yes,yes,,eb2111c2-c8d0-4dc0-ac75-1e3f7840117b,7/28/2023 17:55,ac15_CSUesri,7/28/2023 17:55,ac15_CSUesri,
NAVI4,45,926c7509-7ac4-49df-9db6-dd8212063efb,NAVI4,,,3,10000,"Sprayed,Grazed_Domestic",,"FS POC sqid area potentially treated for leafy spurge, lack of forbs and abundance of grasses indicates this is likely",5,0,30,40,25,Healthy,,1,40,80000,yes,yes,,1ee83553-46c0-483c-be3c-09bde1429c0f,7/28/2023 17:56,ac15_CSUesri,7/28/2023 17:56,ac15_CSUesri,
PSSP6,46,966124ec-65f7-44c7-8110-1f2bf36b9a8f,PSSP6,,,,100,No_Damage,,,10,0,0,10,80,Healthy,,,,,no,no,"Other spp to collect: N viridula, maybe F idahoenesis (already shatteted)",358bad86-e39d-427e-81d7-806545f97ab4,8/4/2023 15:31,ac15_CSUesri,8/4/2023 15:31,ac15_CSUesri,
POSE,47,f69e6e98-4bf6-4305-b44b-36aa33aa2701,POSE,,,,100,"Timber_Harvest,Insect_damage",,Timber harvest with large burn piles and mastication spead on forest floor; lots of bugs likely aphids on P secunda,10,0,40,40,10,Insect-damaged,,,,,no,no,Population scattered in forest and may regenerate after disturbance from timber harvest,a8d24779-4414-4545-a47f-a0de63b2c30c,8/4/2023 15:31,ac15_CSUesri,8/4/2023 15:31,ac15_CSUesri,
FEID,48,12787ead-3ba7-4887-8beb-fe7a0a29de43,FEID,,,5,50000,"Insect_damage,Other",Human disturbance via ATVs and dispered camping,,5,0,40,40,15,Healthy,,5,10,500000,yes,yes,,f2dc163c-ff72-4d74-a37f-014a5fe95e54,8/4/2023 15:31,ac15_CSUesri,8/4/2023 15:31,ac15_CSUesri,
HEVI4,49,d440648a-92b5-41e4-aaab-15143fc0b89a,HEVI4,,,5,2000,No_Damage,,,10,70,20,0,0,Healthy,,100,8,320000,no,no,,f2dc163c-ff72-4d74-a37f-014a5fe95e54,8/4/2023 15:31,ac15_CSUesri,8/4/2023 15:31,ac15_CSUesri,
NAVI4,50,f0b256d4-505a-45d7-807e-c1c41e648d9e,NAVI4,,,2.5,300,No_Damage,,,10,0,45,35,10,Healthy,,9,14,7560,no,no,,f2dc163c-ff72-4d74-a37f-014a5fe95e54,8/4/2023 15:31,ac15_CSUesri,8/4/2023 15:31,ac15_CSUesri,
KOMA,51,ed2c6352-e136-40cb-b211-22f987690ab8,KOMA,,,2,500,No_Damage,,,10,0,70,20,0,Healthy,,2,20,4000,no,no,,f2dc163c-ff72-4d74-a37f-014a5fe95e54,8/4/2023 15:31,ac15_CSUesri,8/4/2023 15:31,ac15_CSUesri,
NAVI4,52,a17f246f-d5de-4ae1-8d50-7e35f97cc23b,NAVI4,,,5,1000,"Other,Insect_damage","Human disturbance: camping, ATVs",,10,5,55,25,5,Healthy,,9,14,25200,yes,yes,,978ad48c-fbb8-407e-ad10-1d3aac6b717f,8/4/2023 15:31,ac15_CSUesri,8/4/2023 15:31,ac15_CSUesri,
NAVI4,53,94e86fab-486a-4156-9439-057f44880be9,NAVI4,,,0.25,150,No_Damage,,,15,5,70,5,5,Immature,,14,9,3780,no,no,"VERY rough road for about 1 mi on the way in, good multi collection site: KOMA, maybe ELTR7, maybe ELGL, maybe POSE. another 1/2 mi down road is large SEINet collection",33f529c7-fffb-4ad2-ad9e-78a5b8b3fd40,8/4/2023 15:36,ac15_CSUesri,8/4/2023 15:36,ac15_CSUesri,
PEVI3,54,59b416e5-8c47-4456-848e-96bfb510a54b,PEVI3,Pen spp.,,0.1,90,No_Damage,,,10,80,10,0,0,Immature,,1,40,720,no,no,VERY rough roads on way in CR 399,b3694cf3-4f99-487e-9c0c-464bd463403d,8/4/2023 15:36,ac15_CSUesri,8/4/2023 15:36,ac15_CSUesri,
FEID,55,18dc61c8-fc5a-4d62-9d44-703eb9995aed,FEID,,,5,100000,"Trampled,Grazed_Domestic",,,5,0,5,35,55,Healthy,,6,9,1080000,yes,no,NOT collecting here due to how intermixed FEID is with grasses of similar heights/ appeaarcances. Would avoid in future,4bf98724-e732-49a1-b87e-dd5c47b4c150,8/4/2023 15:36,ac15_CSUesri,8/4/2023 15:36,ac15_CSUesri,
FEID,56,01828e2c-d177-4c2f-930e-3af7fe0d5aad,FEID,,,2,500,No_Damage,,,10,5,70,15,0,Immature,,6,10,6000,no,no,"Good multi-collection site, KOMA, maybe ELTR7, maybe POSE",3350fe04-2f6f-4a24-8d9f-43fe071a465d,8/4/2023 15:36,ac15_CSUesri,8/4/2023 15:36,ac15_CSUesri,
DECE,57,51a7f797-3bfd-407e-ab00-53cfad655449,DECE,,,,2000,No_Damage,,,10,10,75,5,0,Healthy,,,,,no,no,,5dd769ca-e4f7-4b23-b16c-c40e6e823d3b,8/4/2023 15:36,ac15_CSUesri,8/4/2023 15:36,ac15_CSUesri,
FEID,58,d995b8a0-c604-4ad2-93f9-44bef9e205e8,FEID,,,1,7500,Insect_damage,,minimal insect damage ,10,10,25,50,5,Healthy,,,,,yes,yes,"Developing HEVI4, KOMA, maybe ELTR7, NAVI4.",129b531a-8e69-4d6d-a86a-95de71d6abcd,8/4/2023 15:36,ac15_CSUesri,8/4/2023 15:36,ac15_CSUesri,
HEVI4,59,82ddd8dc-27f0-4650-b148-6888e28bfa40,HEVI4,,,1,250,No_Damage,,,20,70,10,0,0,Immature,,,,,no,no,,129b531a-8e69-4d6d-a86a-95de71d6abcd,8/4/2023 15:36,ac15_CSUesri,8/4/2023 15:36,ac15_CSUesri,
NAVI4,60,fef83a01-d10c-4f7a-a29f-4e992cbc0a0c,NAVI4,,,1,300,No_Damage,,,5,5,60,25,5,Immature,,,,,no,no,,129b531a-8e69-4d6d-a86a-95de71d6abcd,8/4/2023 15:36,ac15_CSUesri,8/4/2023 15:36,ac15_CSUesri,
KOMA,61,276dec90-47f4-423f-99c9-13b306310a23,KOMA,,,1,100,No_Damage,,,20,5,70,5,0,Immature,,,,,no,no,,129b531a-8e69-4d6d-a86a-95de71d6abcd,8/4/2023 15:36,ac15_CSUesri,8/4/2023 15:36,ac15_CSUesri,
FEID,62,23716a79-b1aa-4048-9ddc-eb55f12a917c,FEID,,,1,2500,No_Damage,,,5,0,75,15,5,Immature,,,,,yes,no,,6178de24-2d93-4ee0-9384-9fb4ac513674,8/4/2023 15:36,ac15_CSUesri,8/4/2023 15:36,ac15_CSUesri,
DECE,63,4c7c772c-c86f-4852-91ed-cdcc7a60f75d,DECE,,,0.25,100,Grazed_Wildlife,,,10,70,20,0,0,Immature,,,,,no,no,,3f8b96d6-e8dd-4e9b-b79b-e728690b0ea3,8/4/2023 15:36,ac15_CSUesri,8/4/2023 15:36,ac15_CSUesri,
FEID,64,36b51cbe-a66e-450e-93a5-5a1abcf4e950,FEID,,,10,1000000,Insect_damage,,,5,0,40,40,15,Healthy,,,,,yes,no,,756d1063-ad7c-43b1-954d-941ef90fbbd9,8/4/2023 15:36,ac15_CSUesri,8/4/2023 15:36,ac15_CSUesri,
NAVI4,65,a302fae3-f821-4b05-82d4-f1b311da5229,NAVI4,,,5,500,Insect_damage,,,5,5,60,25,5,Immature,,,,,yes,no,,756d1063-ad7c-43b1-954d-941ef90fbbd9,8/4/2023 15:36,ac15_CSUesri,8/4/2023 15:36,ac15_CSUesri,
PSSP6,66,b917513d-5b9f-4795-8942-f9a94a73a0e1,PSSP6,,,10,100000,No_Damage,,,5,0,5,60,30,Healthy,,2,7,280000,yes,yes,,717f67ed-2fbd-4a88-ae47-d20e3995a06b,8/11/2023 14:38,ac15_CSUesri,8/11/2023 14:38,ac15_CSUesri,
NAVI4,67,6f2248ff-db32-457b-9ad2-47a7ea722f04,NAVI4,,,2,200,"Grazed_Domestic,Insect_damage",,,10,5,70,15,0,Healthy,,,,,no,no,,9823c1d5-399e-4b55-b6a1-10eca03ed778,8/11/2023 14:38,ac15_CSUesri,8/11/2023 14:38,ac15_CSUesri,
PASM,68,71710162-14aa-4361-a604-5094487a473f,PASM,,,,200,"Insect_damage,Grazed_Domestic",,,15,0,80,5,0,Healthy,,,,,no,no,,9823c1d5-399e-4b55-b6a1-10eca03ed778,8/11/2023 14:38,ac15_CSUesri,8/11/2023 14:38,ac15_CSUesri,
FEID,69,697799bf-e853-48d9-82e2-5988a4922a47,FEID,,,,500,"Insect_damage,Grazed_Domestic",,,15,0,75,10,0,Healthy,,,,,no,no,,9823c1d5-399e-4b55-b6a1-10eca03ed778,8/11/2023 14:38,ac15_CSUesri,8/11/2023 14:38,ac15_CSUesri,
ELTR7,70,d647f098-431c-4c7c-9ece-bae877c79ee2,ELTR7,,,,300,"Insect_damage,Grazed_Domestic",,,10,0,80,10,0,Healthy,,,,,no,no,,9823c1d5-399e-4b55-b6a1-10eca03ed778,8/11/2023 14:38,ac15_CSUesri,8/11/2023 14:38,ac15_CSUesri,
ELTR7,71,78e5068b-a2f5-48c8-8d28-90073e5104d3,ELTR7,,,2,200,"Insect_damage,Grazed_Domestic",,,10,5,80,5,0,Healthy,,,,,no,no,,c7fb756c-e7fa-4a77-8705-cfd9ab37c213,8/11/2023 14:41,ac15_CSUesri,8/11/2023 14:41,ac15_CSUesri,
NAVI4,72,7379a0ff-8b27-43ac-8d47-f454e6c9f7bd,NAVI4,,,2,400,"Insect_damage,Grazed_Domestic",,,10,0,70,20,0,Healthy,,,,,no,no,,c7fb756c-e7fa-4a77-8705-cfd9ab37c213,8/11/2023 14:41,ac15_CSUesri,8/11/2023 14:41,ac15_CSUesri,
PSSP6,73,d87817a7-99d1-48ea-8a2d-5309c017e299,PSSP6,,,2,100,"Insect_damage,Grazed_Domestic",,,15,0,80,5,0,Healthy,,,,,no,no,,c7fb756c-e7fa-4a77-8705-cfd9ab37c213,8/11/2023 14:41,ac15_CSUesri,8/11/2023 14:41,ac15_CSUesri,
FEID,74,86566673-442b-41f7-a7ef-f64f432432ea,FEID,,,,40,"Insect_damage,Grazed_Domestic",,,10,0,80,10,0,Healthy,,,,,no,no,,c7fb756c-e7fa-4a77-8705-cfd9ab37c213,8/11/2023 14:41,ac15_CSUesri,8/11/2023 14:41,ac15_CSUesri,
PEVI3,75,6fd8567a-8af4-4c97-8ed0-06d68070ace2,PEVI3,Penstemon spp.,,2,100,"Insect_damage,Grazed_Domestic",,,10,10,50,5,5,Healthy,,,,,no,no,,c7fb756c-e7fa-4a77-8705-cfd9ab37c213,8/11/2023 14:41,ac15_CSUesri,8/11/2023 14:41,ac15_CSUesri,
PSSP6,76,50f91d59-deb3-410e-9234-37509fe6b308,PSSP6,,,2,200,No_Damage,,,10,0,10,55,25,Healthy,,,,,no,no,,b88ae324-d9dd-4478-83f0-47c86805ca83,8/11/2023 14:41,ac15_CSUesri,8/11/2023 14:41,ac15_CSUesri,
HEVI4,77,f4f48152-9919-4414-a1cd-9c5bdb519095,HEVI4,,,0.5,200,No_Damage,,,10,15,10,25,40,Healthy,,,,,yes,no,,b88ae324-d9dd-4478-83f0-47c86805ca83,8/11/2023 14:41,ac15_CSUesri,8/11/2023 14:41,ac15_CSUesri,
POSE,78,99039c76-a0c8-4b37-871c-f2645c7df5a5,POSE,,,1.5,200,Insect_damage,,,10,0,70,20,0,Healthy,,,,,no,no,,25264651-ada0-4f57-abee-8586fc530ff8,8/11/2023 14:41,ac15_CSUesri,8/11/2023 14:41,ac15_CSUesri,
PASM,79,1ced8f68-db0f-4909-9e4b-3f0570cdc18c,PASM,,,2,100,No_Damage,,,10,0,60,20,10,Healthy,,,,,no,no,,25264651-ada0-4f57-abee-8586fc530ff8,8/11/2023 14:41,ac15_CSUesri,8/11/2023 14:41,ac15_CSUesri,
PSSP6,80,981a2e80-e4e1-48a4-911d-b501d68a42dd,PSSP6,,,5,1000,No_Damage,,,10,0,0,10,80,Healthy,,,,,no,no,,49a4106e-7e78-4946-a8d9-ae4ed02e9d04,8/11/2023 14:41,ac15_CSUesri,8/11/2023 14:41,ac15_CSUesri,
PSSP6,81,e0ec96b8-68eb-40e2-b8f9-6fb958a0b053,PSSP6,,,5,100000,Insect_damage,,,10,0,20,40,30,Healthy,,2,7,56000,yes,yes,,bc8fe7b2-09c5-4016-9fcd-8e785633011c,8/11/2023 14:41,ac15_CSUesri,8/11/2023 14:41,ac15_CSUesri,
KOMA,82,f30df060-2cb9-4185-8b6a-a26067dc4e81,KOMA,,,5,10000,Insect_damage,,,10,0,0,5,85,Healthy,,,,,no,no,,bc8fe7b2-09c5-4016-9fcd-8e785633011c,8/11/2023 14:41,ac15_CSUesri,8/11/2023 14:41,ac15_CSUesri,
PASM,83,ccc8350f-d008-44e8-a05b-6a9250d14246,PASM,,,2,2000,Insect_damage,,,25,0,0,10,65,Healthy,,,,,no,no,,f50e47e2-c139-489b-8a6c-abd337b5e432,8/11/2023 14:41,ac15_CSUesri,8/11/2023 14:41,ac15_CSUesri,
FEID,84,9bbe6baf-4dbf-40b1-b31c-a0ddf0df4141,FEID,,,3,8000,Insect_damage,,,20,0,0,5,75,Healthy,,,,,no,no,,f50e47e2-c139-489b-8a6c-abd337b5e432,8/11/2023 14:41,ac15_CSUesri,8/11/2023 14:41,ac15_CSUesri,
BOGR2,85,15fc75c7-706d-4e12-9a18-14cb033cff63,BOGR2,,,40,1000000,Grazed_Domestic,,,10,0,5,40,45,Healthy,,20,3,12000000,yes,yes,,359b3315-d44c-42ce-94bc-60552aea1ae2,8/15/2023 19:13,ac15_CSUesri,8/15/2023 19:13,ac15_CSUesri,
HEVI4,86,b05931f8-efd3-481f-888c-4af19434a177,HEVI4,,,3,100,No_Damage,,,10,25,30,25,10,Healthy,,,,,no,no,Majority of pop. is along roadside. Might be more dispersed in future years,359b3315-d44c-42ce-94bc-60552aea1ae2,8/15/2023 19:13,ac15_CSUesri,8/15/2023 19:13,ac15_CSUesri,
PASM,87,a529fddc-eb2d-42c9-83b0-d3bdcd283215,PASM,,,10,1000,Grazed_Domestic,,,10,0,70,25,5,Immature,,,,,no,no,,359b3315-d44c-42ce-94bc-60552aea1ae2,8/15/2023 19:13,ac15_CSUesri,8/15/2023 19:13,ac15_CSUesri,
KOMA,88,5e856da9-223a-4908-8dde-0bbade6bbe48,KOMA,,,5,2500,No_Damage,,,5,0,10,35,60,Healthy,,7,20,28000,yes,yes,,f1756bd2-329b-421b-af60-1d97ffd0347b,8/17/2023 22:30,ac15_CSUesri,8/17/2023 22:30,ac15_CSUesri,
HEVI4,89,729f3818-5467-4964-b2c2-558431d0c4d3,HEVI4,,,1,500,No_Damage,,,20,70,10,0,0,Immature,,,,,no,no,,f1756bd2-329b-421b-af60-1d97ffd0347b,8/17/2023 22:30,ac15_CSUesri,8/17/2023 22:30,ac15_CSUesri,
PSSP6,90,f0037e5c-91cc-40ef-b2e1-d81a22d8364c,PSSP6,,,2,350,Timber_Harvest,,,20,5,70,5,0,Immature,,,,,no,no,,f1756bd2-329b-421b-af60-1d97ffd0347b,8/17/2023 22:30,ac15_CSUesri,8/17/2023 22:30,ac15_CSUesri,
PASM,91,1bc88ccd-6303-4d32-9f32-37d38ca1dfaa,PASM,,,0.5,500,No_Damage,,,15,0,80,5,0,Immature,,,,,no,no,,d66ee9b0-a7cd-43b7-9e4e-12898297d9d9,8/17/2023 22:30,ac15_CSUesri,8/17/2023 22:30,ac15_CSUesri,
THRH,92,afa1777c-ea42-407d-85c5-ddf35735d1f7,THRH,Thermopsis rhombifolia,,0.25,1000,Timber_Harvest,,,5,0,30,30,35,Healthy,,10,5,10000,yes,yes,"Unsure if rhombifolia or other thermopsis. Some hetrrotheca villosa intermixed, flowering as of 08/16/2023",ee556790-5d0a-4c41-892d-11279653c7f3,8/17/2023 22:30,ac15_CSUesri,8/17/2023 22:30,ac15_CSUesri,
KOMA,93,c24ee3d2-347b-403a-8c18-67babfb2116f,KOMA,,,6,500,Timber_Harvest,,Minimal old timber harvest,5,0,40,40,5,Healthy,,7,20,28000,yes,yes,,045111e2-ee1a-4987-b09c-2be9d826a045,8/17/2023 22:30,ac15_CSUesri,8/17/2023 22:30,ac15_CSUesri,
PSSP6,94,07ad05c0-b268-46f1-9fc7-2e596a95ec2e,PSSP6,,,12,250,No_Damage,,,10,0,40,45,5,Healthy,,,,,yes,no,,045111e2-ee1a-4987-b09c-2be9d826a045,8/17/2023 22:30,ac15_CSUesri,8/17/2023 22:30,ac15_CSUesri,
PEVI3,95,1a1357fe-100d-47c2-8df6-41740850de45,PEVI3,Penstemon virens,,4,2500,Timber_Harvest,,light historical logging,10,0,50,35,5,Healthy,,25,20,50000,yes,yes,,1a571c62-c0b3-40ee-9fac-5aa95a4037fc,8/17/2023 22:30,ac15_CSUesri,8/17/2023 22:30,ac15_CSUesri,
PSSP6,96,ecd36c79-8bc3-43c0-a59e-ddb3cf302a23,PSSP6,,,3,3000,Other,"Smut on some plants, possibly black finger of death fungus",,5,0,25,60,10,Healthy,,3,9,16200,yes,yes,,65bf0604-bab6-43ab-9649-01dfe4754d8a,8/17/2023 22:31,ac15_CSUesri,8/17/2023 22:31,ac15_CSUesri,
None,97,7b881b4c-0a9f-4a37-b118-54304616f4b0,None,,SEINET collection of F idahoensis directly off roadside now shows evidence of disturbance & possible reseeding,,0,Seeded,,,0,0,0,0,0,Malformed/Other,No spp to collect,,,,no,no,,8b6c5082-0f6f-4045-981a-fadc42b0dc88,8/29/2023 20:50,ac15_CSUesri,8/29/2023 20:50,ac15_CSUesri,
None,98,1825c41b-4b1e-4862-b2c3-216bc43847b6,None,,"No Elymus trachycaulus found off side of road, in forested South-facing slope or around wet meadow where forested area ends near switchback",,0,Grazed_Domestic,,,0,0,0,0,0,Malformed/Other,No plant spp present,,,,no,no,,e8ef4fb0-b194-4b8f-afef-4ed76e432d0d,8/29/2023 20:50,ac15_CSUesri,8/29/2023 20:50,ac15_CSUesri,
FEID,99,a4c64715-a46e-4aec-91a2-d8122134e9d9,FEID,,,,100000,Grazed_Domestic,,,5,0,15,50,30,Healthy,,5,10,1000000,yes,no,,8b8583db-3f8d-4b46-98e3-4253e124a204,8/29/2023 20:50,ac15_CSUesri,8/29/2023 20:50,ac15_CSUesri,"Artemesia tridentata, Picea pungens, Ericameria spp, Potentilla spp (pulcherrima), Achillea millefolium, Taraxacum officinale"
None,100,010afe00-0caf-440f-bc65-49d520222290,None,,"SEINET Bouteloua gracilis collection not present along road, across landscape on varying slopes and aspects",,0,"Grazed_Wildlife,Grazed_Domestic",,,0,0,0,0,800,Malformed/Other,Not present,,,,no,no,,ae062b1d-031d-42f3-acee-07f3d9516866,8/29/2023 20:50,ac15_CSUesri,8/29/2023 20:50,ac15_CSUesri,
FEID,101,69ac342a-876d-444d-a15e-7388e9ed7666,FEID,,,3,3000,Grazed_Domestic,,,10,0,5,25,60,Healthy,,1,40,12000,no,no,,647dfcd3-aea3-4db0-8b56-6d2290794305,8/29/2023 20:50,ac15_CSUesri,8/29/2023 20:50,ac15_CSUesri,"Artemesia tridentata, Ericameria spp, Festuca idahoensis, Antennaria spp, Lupinus spp, Potentilla spp (pulcherrima?)"
KOMA,102,2ce2f7fb-d658-453a-82b5-8c2e379c7954,KOMA,,,3,1000,Grazed_Domestic,,,15,0,0,5,80,Healthy,,1,20,4000,no,no,,647dfcd3-aea3-4db0-8b56-6d2290794305,8/29/2023 20:50,ac15_CSUesri,8/29/2023 20:50,ac15_CSUesri,
DECE,103,20ce12c0-b5a1-4c04-9b1b-da3bf2100696,DECE,,,1,350,Grazed_Domestic,,,20,30,40,10,0,Immature,,,,,no,no,,3d630eec-0eef-4a7f-acf9-7cc22ac60130,8/29/2023 20:50,ac15_CSUesri,8/29/2023 20:50,ac15_CSUesri,
THRH,104,8b14bcb1-ea74-4ece-99ee-3a36c4f238be,THRH,Thermopsis spp.,,0.5,50,Grazed_Domestic,,,10,5,60,20,5,Immature,,,,,no,no,Roadside botanizing,78767910-c1a7-432a-a680-d7ffd404ad7f,8/29/2023 20:50,ac15_CSUesri,8/29/2023 20:50,ac15_CSUesri,
FEID,105,b5072b8c-8e10-48b6-bc4b-da0a580c224a,FEID,,,10,100000,Grazed_Domestic,,,5,0,10,25,60,Malformed/Other,Shattered,,,,yes,no,,fe9b819f-bf96-4ba7-9775-008a2897822e,8/29/2023 20:50,ac15_CSUesri,8/29/2023 20:50,ac15_CSUesri,Koeleria macrantha
None,106,d618d535-d7e2-481f-bc4f-66b0a38b2168,None,,"Boutelua gracilis SEInet point, no individuals observed.",,0,No_Damage,,,0,0,0,0,0,Malformed/Other,,,,,no,no,,e6552f76-9118-488f-b1b7-789818b0420a,8/29/2023 20:50,ac15_CSUesri,8/29/2023 20:50,ac15_CSUesri,
None,107,601f6a01-a8ff-4ded-ac9f-9f39dbeb022a,None,,SEInet elymus trachycaulus n9 individuals present,,0,Grazed_Domestic,,,0,0,0,0,0,Malformed/Other,,,,,no,no,,f19acdd0-1f2d-4ef8-934c-66f6726489d1,8/29/2023 20:50,ac15_CSUesri,8/29/2023 20:50,ac15_CSUesri,
PASM,108,a5f5078a-3232-4cde-9129-5864352af291,PASM,,,,0,Grazed_Domestic,,,0,0,0,0,0,Malformed/Other,No plant present,,,,no,no,,4c77aa0b-3c66-4dac-bce8-b7cca0641cd2,8/29/2023 20:50,ac15_CSUesri,8/29/2023 20:50,ac15_CSUesri,
NAVI4,109,81bf5477-3cf6-4933-a909-c6ad0b98a76f,NAVI4,,,0.5,250,Grazed_Domestic,,,5,0,15,35,45,Healthy,,,,,yes,no,,47392974-c4b3-4378-a98f-ce4d8ffef58d,8/29/2023 20:50,ac15_CSUesri,8/29/2023 20:50,ac15_CSUesri,"ELGL, ELTR7."
HEVI4,110,835ccd30-0db6-484b-8b76-4c6f70f8f8e4,HEVI4,,,3,2500,No_Damage,,,15,25,25,10,25,Immature,,,,,no,no,,46c32fcb-c714-4bdc-94c1-ac8d33382766,8/29/2023 20:50,ac15_CSUesri,8/29/2023 20:50,ac15_CSUesri,"Elymus spp., heliomaris multiflora, achellia milifolium, possible NAVI4, possible ELTR7"
ELTR7,111,35c67794-e0e8-4f27-9495-e09248dc2d34,ELTR7,,,1,50,No_Damage,,,15,5,60,20,0,Immature,,,,,no,no,Good camping site,650a6432-aa15-4926-b186-15e5d5ff4aa8,8/29/2023 20:50,ac15_CSUesri,8/29/2023 20:50,ac15_CSUesri,
KOMA,112,5d00c9d4-dbc7-4fc5-ac89-9f66ffa0763f,KOMA,,,2,2000,Grazed_Domestic,,,10,0,20,30,40,Healthy,,1,30,12000,yes,yes,,8f6585ce-5ec7-456b-855e-cdf799c155f1,8/29/2023 20:50,ac15_CSUesri,8/29/2023 20:50,ac15_CSUesri,"Wyethia spp, Artemisia tridentata, Nasella viridula, Elymus trachycaulus, Erioganum umballatum"
NAVI4,113,f50734c4-fb08-4f82-8331-7599765bf478,NAVI4,,,2,3000,Grazed_Domestic,,,10,0,10,35,45,Healthy,,4,14,33600,yes,yes,,c6740596-b99c-481e-870e-2a83db8ea358,8/29/2023 20:50,ac15_CSUesri,8/29/2023 20:50,ac15_CSUesri,"Wyethia spp., Artemisia tridentata, Foxtail spp., Erioganum umballatum, Sugarbowl (gentian)"
ELTR7,114,f7f83573-90cc-4269-8c29-5d7b51603a4b,ELTR7,,,2,500,Grazed_Domestic,,,10,0,5,50,35,Healthy,,3,12,3600,yes,yes,Very small amount of E trachycaulus found in relation to size of polygon,95f13af2-5e9b-4283-a9e7-6fd1be7733f6,8/29/2023 20:50,ac15_CSUesri,8/29/2023 20:50,ac15_CSUesri,"Wyethia spp, Nassella viridula, Erioganum umballatum, Artemisia tridentata, Elymus elymoides"
NAVI4,115,5a812dec-a7fe-49f9-ba68-8ae50682ad7c,NAVI4,,,1,2000,Grazed_Domestic,,,10,0,15,35,40,Healthy,,9,14,50400,yes,yes,,48caf42e-086c-47e0-8b77-d98568b1e43f,8/29/2023 20:50,ac15_CSUesri,8/29/2023 20:50,ac15_CSUesri,"Festuca spp (idahoensis or saximontana), Wyethia spp., Artemisia tridentata, Eriogonum umballatum, Ericameria spp, Elymus elymoides"
ELTR7,116,f399c9d8-2118-40e2-afd6-3bf320e0862d,ELTR7,,,1,1000,No_Damage,,,10,0,45,40,5,Healthy,,4,6,4800,yes,yes,,9ca143d1-1b62-4a7e-b961-6ab93ed75edd,8/29/2023 20:50,ac15_CSUesri,8/29/2023 20:50,ac15_CSUesri,
FEID,117,12cb55e0-b838-413e-9803-35ca9a39a93e,FEID,,,4,100000,No_Damage,,,5,0,25,45,25,Healthy,,4,42,3360000,yes,yes,,0260c6bc-f43c-495b-9371-68d293f89151,8/29/2023 20:50,ac15_CSUesri,8/29/2023 20:50,ac15_CSUesri,
ELTR7,118,9a0b042b-3e99-4c3a-b630-9ba37c4aeb7b,ELTR7,,,2,1500,No_Damage,,,10,0,5,40,45,Healthy,,4,17,13600,yes,yes,,168b0ae3-4e01-4f59-bcf7-4c671bb64da2,8/29/2023 20:52,ac15_CSUesri,8/29/2023 20:52,ac15_CSUesri,
NAVI4,119,ecd0916f-69a3-483f-9cb7-fa819f48fcbe,NAVI4,,,1,200,Grazed_Domestic,,,5,0,20,45,30,Healthy,,,,,yes,no,,ec51c35c-56fd-4b34-bf87-272d5beedbfd,8/29/2023 20:52,ac15_CSUesri,8/29/2023 20:52,ac15_CSUesri,
HEVI4,120,24c2a645-9a02-4b29-9f97-70a4364d4e84,HEVI4,,,0.25,100,No_Damage,,,10,30,50,5,5,Immature,,,,,no,no,Intrrmixed elymus spp. and DECE on way to point,23116502-b765-4e83-b0cd-d91e3e2ed4ee,8/29/2023 20:52,ac15_CSUesri,8/29/2023 20:52,ac15_CSUesri,
PASM,121,9ffd3a12-7d7d-430c-a1d6-5cbfcbaa4de8,PASM,,,1,400,No_Damage,,,10,0,25,60,5,Healthy,,,,,yes,no,,6fb1d2fe-dd0f-4cbe-8de8-dcaf71dccee2,8/29/2023 20:52,ac15_CSUesri,8/29/2023 20:52,ac15_CSUesri,
None,122,1640190a-df20-4548-a8db-1be951c8748b,None,,"SEInet point for FEID, ELTR7, and ELGL. Very heavily grazed and unable to identify any species",2,0,"Grazed_Domestic,Other","Human disturbance, camping and logging",,0,0,0,0,0,Malformed/Other,,,,,no,no,,6e0e89b1-5623-45b2-99b4-cc4460e2510e,8/29/2023 20:52,ac15_CSUesri,8/29/2023 20:52,ac15_CSUesri,
NAVI4,123,e821cf20-5ed0-47cd-a4e2-c1974bc7f396,NAVI4,,,2,2000,No_Damage,,,5,0,15,50,30,Healthy,,7,15,3920,yes,yes,,71693d33-aa9a-451a-a613-860ad394bc5b,8/29/2023 20:52,ac15_CSUesri,8/29/2023 20:52,ac15_CSUesri,
NAVI4,124,2259435c-fa21-494f-a708-8fc748298499,NAVI4,,,3,2000,No_Damage,,,5,0,20,40,35,Healthy,,12,9,43200,yes,yes,,d1422420-3ceb-4b49-92c2-7186b64088f3,8/29/2023 20:52,ac15_CSUesri,8/29/2023 20:52,ac15_CSUesri,
ELTR7,125,b662028e-e3d3-41a7-8cb0-289701eaf1a4,ELTR7,,,3,500,No_Damage,,,5,0,15,60,20,Healthy,,4,15,6000,yes,yes,,0dce24b2-2a46-4aed-b0d5-d85620fe97a6,8/29/2023 20:52,ac15_CSUesri,8/29/2023 20:52,ac15_CSUesri,
NAVI4,126,4d2c13c2-d549-4490-a451-2dc969e5ef09,NAVI4,,,5,1000,Grazed_Domestic,,,5,0,20,60,15,Healthy,,10,8,16000,yes,yes,,1dc3b29e-95c0-482f-a7ec-6ac305e3696c,8/29/2023 20:52,ac15_CSUesri,8/29/2023 20:52,ac15_CSUesri,
DECE,127,7c4b0f50-6bd9-4ef5-8aec-0ff09628179a,DECE,,,3,1500,Grazed_Domestic,,,5,0,35,55,5,Healthy,,15,15,22500,yes,yes,,9983173b-8dc3-4e1f-9509-75e78aba1db3,8/29/2023 20:52,ac15_CSUesri,8/29/2023 20:52,ac15_CSUesri,
HEVI4,128,e2883fca-17f1-44b3-99e8-9c471161cfbb,HEVI4,,,1,500,Insect_damage,,,10,30,20,20,20,Healthy,,25,50,125000,yes,yes,,3dc1cbec-5075-4e00-bd65-32fa006020ca,8/29/2023 20:52,ac15_CSUesri,8/29/2023 20:52,ac15_CSUesri,
ELTR7,130,b82ab516-1943-4b62-b2c9-cb9f7a444162,ELTR7,,,5,20000,Grazed_Domestic,,,10,0,45,35,10,Healthy,,4,10,160000,yes,yes,,1e729237-c155-4ff9-be77-7aae4f00ce1e,8/29/2023 20:52,ac15_CSUesri,8/29/2023 20:52,ac15_CSUesri,
NAVI4,131,284205fc-43e6-47db-89bf-6d18fc642a8b,NAVI4,,,1,10000,Grazed_Wildlife,,"May have been seeded? Human disturbance at parking spot, appears as a landing or parking area for heavy equipment",10,0,25,40,25,Healthy,,9,14,252000,yes,no,,3733f1a7-f917-4f40-8e78-555d73c1ea3e,9/8/2023 21:21,ac15_CSUesri,9/8/2023 21:21,ac15_CSUesri,"P tremuloides, A concolor, Elymus glaucus, Osmerizha spp (sweet sicily)"
ELGL,132,3c0f8d30-000a-4fd5-9a06-a0d199be9c33,ELGL,,,1,4000,Grazed_Wildlife,,See notes for NASVIR at same location,10,0,15,45,30,Healthy,,2,12,19200,yes,no,,3733f1a7-f917-4f40-8e78-555d73c1ea3e,9/8/2023 21:21,ac15_CSUesri,9/8/2023 21:21,ac15_CSUesri,"POPTRE, NASVIR, Osmerrizha spp, BROINE"
NAVI4,133,0f82ebc1-5438-4f75-a4f2-ee5c12e00f73,NAVI4,,,2,2000,Grazed_Domestic,,,5,0,15,30,50,Healthy,,,,,yes,no,,9df698ad-cf15-47d9-aaff-73ce42a29c76,9/8/2023 21:21,ac15_CSUesri,9/8/2023 21:21,ac15_CSUesri,"PopTre, Rubber rabbitbrush, timothy hay, soladago"
FEID,134,90c91548-69f8-4d23-9b44-756430f58c30,FEID,,,10,100000,Grazed_Domestic,,,5,0,15,60,20,Healthy,,,,,yes,no,,46fd6569-da81-429a-bb07-a7225d38a08c,9/8/2023 21:21,ac15_CSUesri,9/8/2023 21:21,ac15_CSUesri,"Dasiphora fruiticosa, scarlet gilia, nassella viridula, populus tremuloides"
NAVI4,135,37199384-a282-4360-8695-072b860f4715,NAVI4,,,5,25000,Grazed_Domestic,,,5,0,15,50,30,Healthy,,,,,yes,no,,46fd6569-da81-429a-bb07-a7225d38a08c,9/8/2023 21:21,ac15_CSUesri,9/8/2023 21:21,ac15_CSUesri,
FEID,136,1141f272-085c-4b1e-8187-cd47212a08dd,FEID,,,1,1000,"Grazed_Domestic,Trampled",,"Some potential pathogen found on small number of species, maybe smut",10,0,0,45,45,Healthy,,5,20,20000,yes,yes,,54c6fb8f-841f-4760-9bd2-29743b073b8d,9/8/2023 21:21,ac15_CSUesri,9/8/2023 21:21,ac15_CSUesri,"Elymus glaucus, Elymus trachycaulus, Nassella viridula, Bromus inermus"
ELTR7,137,bc826541-eaa7-4cd0-9542-6b761408e00e,ELTR7,,,1,500,"Grazed_Domestic,Trampled",,"Some pathogen seen on very few Elymus glaucus and Festuca idahoensis, maybe smut",15,0,20,50,15,Healthy,,3,9,2700,yes,yes,Nasella viridula and Elymus glaucus found in enough numbers to collect but not collected because not on target list this time in season,c33a7994-0d33-48e9-804b-9bbaa458f2a5,9/8/2023 21:21,ac15_CSUesri,9/8/2023 21:21,ac15_CSUesri,"Elymus glaucus, Festuca idahoensis, Nassella viridula, Bromus inermus
"
ELTR7,138,be3c4b38-a043-4d1f-bdc8-baf2f482d0f1,ELTR7,,,1,600,Grazed_Domestic,,,10,0,5,55,30,Healthy,,3,9,3240,yes,no,PSZ not part of collection focus at this point in season,2998156b-efb4-466f-af0c-ffd09e755f27,9/8/2023 21:21,ac15_CSUesri,9/8/2023 21:21,ac15_CSUesri,"KOEMAC, Gentian spp, Erigeron spp, ACHMIL"
NAVI4,139,1cf6b5ce-3154-42ef-9e06-972d5532f06a,NAVI4,,,3,50000,Grazed_Domestic,,,5,0,15,20,60,Empty,,,,,no,no,,5226fcd1-9d7b-4b70-8f01-e9e258246d89,9/8/2023 21:22,ac15_CSUesri,9/8/2023 21:22,ac15_CSUesri,"Rubber rabbitbrush, artemisia tridentada, gumweed, scarlet paintbrush, chokecherry"
ELTR7,140,6ba2c477-c2a9-4f27-8293-8b8b049562ce,ELTR7,,,1,10000,Grazed_Domestic,,,5,0,0,15,80,Empty,,,,,no,no,,5226fcd1-9d7b-4b70-8f01-e9e258246d89,9/8/2023 21:22,ac15_CSUesri,9/8/2023 21:22,ac15_CSUesri,
KOMA,141,1e883098-b590-4967-a3f6-86dc45664afd,KOMA,,,3,10000,Grazed_Domestic,,,5,0,0,20,75,Empty,,,,,no,no,Some PASM & possible FEID ,5226fcd1-9d7b-4b70-8f01-e9e258246d89,9/8/2023 21:22,ac15_CSUesri,9/8/2023 21:22,ac15_CSUesri,
FEID,142,a84d832a-b17c-4009-a5e7-3dda63f4eda2,FEID,,,10,100000,"Grazed_Wildlife,Grazed_Domestic,Other",Suspected fungal (black finger of death) ,,5,0,15,60,20,Healthy,,5,20,2000000,yes,yes,,9c1eeba2-bd7b-430a-891b-2466aad27d8e,9/8/2023 21:22,ac15_CSUesri,9/8/2023 21:22,ac15_CSUesri,
NAVI4,143,1a226b0f-54dc-4b0b-9694-d5590cec9685,NAVI4,,,10,50000,"Grazed_Wildlife,Grazed_Domestic",,,5,0,20,60,15,Healthy,,,,,yes,no,,9c1eeba2-bd7b-430a-891b-2466aad27d8e,9/8/2023 21:22,ac15_CSUesri,9/8/2023 21:22,ac15_CSUesri,
ELTR7,144,80e63df5-e283-4197-99a7-39ec3b412ca6,ELTR7,,,10,25000,"Grazed_Wildlife,Grazed_Domestic",,,5,0,5,50,40,Healthy,,3,10,150000,yes,yes,,7aab5f79-fd30-4451-8248-fbf3985a795a,9/8/2023 21:22,ac15_CSUesri,9/8/2023 21:22,ac15_CSUesri,
BOGR2,145,1f724d5e-80d9-46cb-b49b-e76b64e9258c,BOGR2,,,3,100000,Grazed_Domestic,,,15,10,70,5,0,Healthy,,,,,no,no,,b2d6c29e-abf2-4c94-aadd-4c5ca0baf026,9/14/2023 21:13,ac15_CSUesri,9/14/2023 21:13,ac15_CSUesri,"Artemisia frigida, pinus ponderosa."
HEVI4,146,120648b6-2acd-4f57-ac31-ac74b4c22c32,HEVI4,,,5,30000,No_Damage,,,5,30,25,25,5,Healthy,,,,,yes,no,"Some KOMA, PSSP6, and possible good collection of ANGE, needs ID",8303cc50-6220-4fcb-96a0-3bf95b324b56,9/14/2023 21:13,ac15_CSUesri,9/14/2023 21:13,ac15_CSUesri,
BOGR2,147,3c66eec2-9311-469b-a87e-7a816e365a49,BOGR2,,,5,10000,Other,"Small amount of smut, less than any other site so far this year.",,5,5,80,10,0,Immature,,,,,no,no,,8303cc50-6220-4fcb-96a0-3bf95b324b56,9/14/2023 21:13,ac15_CSUesri,9/14/2023 21:13,ac15_CSUesri,
FEID,148,285b3d20-7ee5-4211-8a4b-0cd74574f58d,FEID,,,5,50000,Other,Smut,,5,0,15,50,30,Moldy,,,,,yes,no,,766696f1-1242-46fb-b8b5-9a29f12e3f02,9/14/2023 21:13,ac15_CSUesri,9/14/2023 21:13,ac15_CSUesri,"Wooly mullein, quaking aspen, smooth brome, hesperostipa comata, mountain mahogany, curlydock. "
HEVI4,149,b167af30-b304-4869-8980-33ca044d1837,HEVI4,,,2,2000,No_Damage,,,10,20,20,30,20,Healthy,,,,,yes,no,,766696f1-1242-46fb-b8b5-9a29f12e3f02,9/14/2023 21:13,ac15_CSUesri,9/14/2023 21:13,ac15_CSUesri,
BOGR2,150,b31a7393-7b77-4a63-ab66-009494e52a4f,BOGR2,,,1,2000,Other,Smut,,5,0,10,65,20,Moldy,,,,,yes,no,,766696f1-1242-46fb-b8b5-9a29f12e3f02,9/14/2023 21:13,ac15_CSUesri,9/14/2023 21:13,ac15_CSUesri,
ELTR7,151,c290fe6a-6a09-484b-8128-ecfc8dca8131,ELTR7,,,2,500,Other,Smut,,5,0,20,70,5,Moldy,,,,,yes,no,,766696f1-1242-46fb-b8b5-9a29f12e3f02,9/14/2023 21:13,ac15_CSUesri,9/14/2023 21:13,ac15_CSUesri,
NAVI4,152,7f9f4877-01ff-47c4-9c3a-a2ff4fda8990,NAVI4,,,1,50,No_Damage,,,5,0,10,70,15,Healthy,,,,,no,no,Intermixed with AchRob,766696f1-1242-46fb-b8b5-9a29f12e3f02,9/14/2023 21:13,ac15_CSUesri,9/14/2023 21:13,ac15_CSUesri,
HEVI4,153,d13fe574-7453-4f08-95f5-4aeb0255afee,HEVI4,,,3,100000,No_Damage,,,5,20,15,40,20,Healthy,,,,,yes,no,"Intermixed KOMA & BOGR2, could be enough for multicollection",f3fbaacf-da58-4e06-a4c1-719751785ac4,9/14/2023 21:13,ac15_CSUesri,9/14/2023 21:13,ac15_CSUesri,"KOMA, BROEIN, mountain mahogany, ponderosa pine, knapweed, BOGR2"
KOMA,154,06581d24-8479-4742-810e-21e35ddc3879,KOMA,,,2,2000,Other,Smut,,5,0,10,60,25,Moldy,,,,,yes,no,,f3fbaacf-da58-4e06-a4c1-719751785ac4,9/14/2023 21:13,ac15_CSUesri,9/14/2023 21:13,ac15_CSUesri,
BOGR2,155,065960a9-8312-4365-b43b-cdc30607cbd2,BOGR2,,,5,5000,Other,Smut,,5,0,30,55,10,Moldy,,,,,yes,no,,f3fbaacf-da58-4e06-a4c1-719751785ac4,9/14/2023 21:13,ac15_CSUesri,9/14/2023 21:13,ac15_CSUesri,
FEID,156,611ecff1-33a2-458b-9d2d-d7e53cc5610a,FEID,,,5,50000,Other,Smut,,5,0,15,60,20,Moldy,,,,,yes,no,,e0397407-098f-483a-993a-3d89a25e2a54,9/14/2023 21:13,ac15_CSUesri,9/14/2023 21:13,ac15_CSUesri,"Ponderosa pine, mountain mahogany, wax currant, kinickinick, fringed sage"
HEVI4,157,bae8dfe5-9654-4004-b40e-cfa839b95c84,HEVI4,,,5,5000,No_Damage,,,10,60,20,10,0,Immature,,,,,no,no,,e0397407-098f-483a-993a-3d89a25e2a54,9/14/2023 21:13,ac15_CSUesri,9/14/2023 21:13,ac15_CSUesri,
BOGR2,158,b6e6c46b-0cbb-4dd0-b3d3-261ce761d28c,BOGR2,,,5,2500,Other,Smut,,5,0,0,15,80,Empty,,,,,no,no,,e0397407-098f-483a-993a-3d89a25e2a54,9/14/2023 21:13,ac15_CSUesri,9/14/2023 21:13,ac15_CSUesri,
ELTR7,159,4bbf3330-c317-48d2-8746-795dfa2c54d9,ELTR7,,,2,20000,Other,Smut,,5,0,20,70,5,Moldy,,,,,yes,no,,142d2499-ddc8-48d6-ab1d-e79050bf4be0,9/14/2023 21:13,ac15_CSUesri,9/14/2023 21:13,ac15_CSUesri,"Ponderosa pine, fringed sage, festuca idahoensis, heterotheca villosa, mountain muhley"
FEID,160,ee481853-dd6c-4967-b99c-58d123d89578,FEID,,,5,30000,Other,Smut,,5,0,10,70,15,Moldy,,,,,yes,no,,142d2499-ddc8-48d6-ab1d-e79050bf4be0,9/14/2023 21:13,ac15_CSUesri,9/14/2023 21:13,ac15_CSUesri,
FEID,161,198248fc-3f2a-42f8-9e98-467c40d4bd38,FEID,,,5,50000,Other,Smut,,5,0,5,50,40,Moldy,,,,,yes,no,,3a55ab98-e867-4eb4-9ec0-d32cde87dca8,9/14/2023 21:13,ac15_CSUesri,9/14/2023 21:13,ac15_CSUesri,"Dasiphora fruiticosa, rubber rabbitbrush, fringed sage, blue spruce, koeleria macrantha, elymus trachycaulus"
KOMA,162,1067d699-a6af-4490-b659-16c74ebec068,KOMA,,,5,5000,Other,Smut,,5,0,15,50,30,Moldy,,,,,yes,no,,3a55ab98-e867-4eb4-9ec0-d32cde87dca8,9/14/2023 21:13,ac15_CSUesri,9/14/2023 21:13,ac15_CSUesri,
FEID,163,ad252d4a-28c0-4fa4-b07b-3ae0d2ae37c7,FEID,,,3,50000,Other,Smut,,20,0,0,5,75,Empty,,,,,no,no,,cb0de236-dd1c-40da-9898-b38d430420c7,9/14/2023 21:13,ac15_CSUesri,9/14/2023 21:13,ac15_CSUesri,"Rubber rabbitbrush, artemisia tridentada, nassella viridula, achellia millefolium, bromus tectorum, antennaria spp."
FEID,164,f40fde44-f99b-47dc-97ff-45de133ceb11,FEID,,,10,1000000,Other,Smut,,20,0,0,10,70,Empty,,,,,yes,no,,5aca39ba-c9d6-4a04-9e6a-75b0a82ed296,9/14/2023 21:13,ac15_CSUesri,9/14/2023 21:13,ac15_CSUesri,"Artemisia tridentada, ericomeria nauseosa, hesperostipa comata, koeleria macrantha"
KOMA,165,f93c7621-cac9-479e-884c-5b1d056dee92,KOMA,,,10,200000,Other,Smut,,5,0,5,20,70,Empty,,,,,yes,no,,5aca39ba-c9d6-4a04-9e6a-75b0a82ed296,9/14/2023 21:13,ac15_CSUesri,9/14/2023 21:13,ac15_CSUesri,
FEID,166,6105b4ef-10c9-44ea-9a7f-d5645609f2b5,FEID,,,1.5,20000,Other,Smut,,10,0,0,10,80,Empty,,,,,no,no,Potentially festuca arizonica?,8cf825ff-0831-4631-9ad3-65060af23296,9/14/2023 21:13,ac15_CSUesri,9/14/2023 21:13,ac15_CSUesri,"Koeleria macrantha. Moutain muhly, carex spp., artemisia frigida, populus tremuloides"
ELTR7,167,f1de3a63-0326-47ec-9b3c-c451a9080492,ELTR7,,,2,2000,Other,Smut,,10,0,0,70,20,Moldy,,,,,yes,no,,0afe973f-605e-4b8b-9de0-a1c6921c4c18,9/14/2023 21:13,ac15_CSUesri,9/14/2023 21:13,ac15_CSUesri,"Festuca idahoensis, koeleria macrantha, nassella viridula, dasiphora fruiticosa"
FEID,168,5fab4ab2-2cc9-4238-8c0a-75652564d1de,FEID,,,2,2000,Other,Smut,,10,0,0,20,70,Empty,,,,,no,no,,0afe973f-605e-4b8b-9de0-a1c6921c4c18,9/14/2023 21:13,ac15_CSUesri,9/14/2023 21:13,ac15_CSUesri,
FEID,169,a7f03db5-7c5e-44fd-aa1f-65f340939455,FEID,,,3,2000,Other,Smut fungus,,20,0,0,30,30,Moldy,,,,,yes,no,,ee721617-39a8-4af6-9197-ca8cadd91582,9/14/2023 21:13,ac15_CSUesri,9/14/2023 21:13,ac15_CSUesri,"Artemisia frigida, achnotherum robustum, KOMA, BOGR2, NAVI4"
KOMA,170,e4317b87-ac57-48e5-bcfb-a4ba4076a2f0,KOMA,,,3,1000,Other,Smut fungus,,10,0,10,20,60,Moldy,,,,,yes,no,,ee721617-39a8-4af6-9197-ca8cadd91582,9/14/2023 21:13,ac15_CSUesri,9/14/2023 21:13,ac15_CSUesri,"Artemisia frigida, achnotherum robustum, FEID, BOGR2, NAVI4"
BOGR2,171,edc148e8-5fde-44e0-8780-6c147a532e96,BOGR2,,,3,1500,Other,Smut fungus,,20,0,5,15,60,Moldy,,,,,yes,no,,ee721617-39a8-4af6-9197-ca8cadd91582,9/14/2023 21:13,ac15_CSUesri,9/14/2023 21:13,ac15_CSUesri,"Artemisia frigida, achnotherum robustum, KOMA, FEID, NAVI4"
NAVI4,172,532235e8-66ba-40af-9b8f-eccdc7b81a6f,NAVI4,,,2,500,Other,Smut fungus,,10,0,20,30,40,Moldy,,,,,yes,no,,ee721617-39a8-4af6-9197-ca8cadd91582,9/14/2023 21:13,ac15_CSUesri,9/14/2023 21:13,ac15_CSUesri,"Artemisia frigida, achnotherum robustum, KOMA, BOGR2, FEID"
PASM,173,c302e8b0-22a1-495e-bd0f-f4e7c1e56029,PASM,,,0.5,500,Other,Smut fungus,,20,0,60,15,5,Moldy,,3,10,3000,yes,yes,"Not collecting because of smut evidence, may be more desirable collection site in the future",e7f2aa4c-45c1-4fe3-a8d1-89f747e36eb6,9/14/2023 21:15,ac15_CSUesri,9/14/2023 21:15,ac15_CSUesri,"Thermopsis spp, HETVIL, NASVIR, ELYGLA"
HEVI4,174,3d39d88e-f665-435e-a9a3-056d510404dd,HEVI4,,,0.5,500,Other,Potential smut,,20,60,20,0,0,Moldy,,,,,yes,no,,e7f2aa4c-45c1-4fe3-a8d1-89f747e36eb6,9/14/2023 21:15,ac15_CSUesri,9/14/2023 21:15,ac15_CSUesri,"Thermopsis spp., NASVIR, ELYGLA, PASSMI"
NAVI4,175,5872a112-9aae-4e94-b22a-0027594cfeb0,NAVI4,,,0.5,500,Other,Smut fungus,,10,0,60,25,5,Moldy,,,,,yes,no,,e7f2aa4c-45c1-4fe3-a8d1-89f747e36eb6,9/14/2023 21:15,ac15_CSUesri,9/14/2023 21:15,ac15_CSUesri,"Thermopsis spp., HETVIL, PASSMI, ELYGLA"
ELGL,176,df3869fe-0307-4934-b9b8-16caceeba8bd,ELGL,,,0.5,200,Other,Smut fungus,,10,0,55,30,5,Moldy,,,,,yes,no,,e7f2aa4c-45c1-4fe3-a8d1-89f747e36eb6,9/14/2023 21:15,ac15_CSUesri,9/14/2023 21:15,ac15_CSUesri,"Thermopsis spp., HETVIL, NASVIR, PASSMI"
THRH,177,7e7c9ec9-fe0e-40fb-82f5-4cd374de749c,THRH,Thermopsis spp. (likely rhombifolia),,0.25,100,No_Damage,,"In campground area, potential evidence of seeding along trail",20,0,20,50,10,Healthy,,,,,yes,no,,e7f2aa4c-45c1-4fe3-a8d1-89f747e36eb6,9/14/2023 21:15,ac15_CSUesri,9/14/2023 21:15,ac15_CSUesri,"HETVIL, ELYGLA, NASVIR, PASSMI"
DECE,178,a20a72eb-e915-46d8-822c-51f9df128468,DECE,,,2,20000,Other,Smut,,10,5,80,5,0,Immature,,,,,no,no,,260442a5-325b-4528-85f3-0c42265fbc9f,9/14/2023 21:15,ac15_CSUesri,9/14/2023 21:15,ac15_CSUesri,
ELTR7,179,66bc38de-b2ce-44ca-9f1a-ab33bda82c41,ELTR7,,,2,5000,Other,Smut,,5,0,80,15,0,Immature,,,,,no,no,,260442a5-325b-4528-85f3-0c42265fbc9f,9/14/2023 21:15,ac15_CSUesri,9/14/2023 21:15,ac15_CSUesri,
FEID,180,15e693ae-db42-4609-9ae7-e3f79a236eb0,FEID,,,1.5,25000,Other,Smut,,10,0,70,20,0,Immature,,,,,no,no,,260442a5-325b-4528-85f3-0c42265fbc9f,9/14/2023 21:15,ac15_CSUesri,9/14/2023 21:15,ac15_CSUesri,
KOMA,181,f20ceb14-b742-4e9c-a32f-25fcc1a7bfe4,KOMA,,,2,10000,Other,Smut,,10,5,80,5,0,Immature,,,,,no,no,,260442a5-325b-4528-85f3-0c42265fbc9f,9/14/2023 21:15,ac15_CSUesri,9/14/2023 21:15,ac15_CSUesri,
BOGR2,182,e7d11e12-3ab8-4398-a33b-afdaaec26059,BOGR2,,,3,1000,Grazed_Domestic,,Smut evident on many species,10,0,75,15,0,Moldy,,1,20,4000,yes,no,,36f8a83f-a667-4f3f-a836-aa329c22034a,9/14/2023 21:15,ac15_CSUesri,9/14/2023 21:15,ac15_CSUesri,"BROINE, ELYREP, ACHROB, THIINT, HEVI4"
BOGR2,183,8001c5d5-c3c4-48b3-9a5c-2bb9f9eaa09e,BOGR2,,,2,1500,Other,Some evidence of smut ,,10,0,55,35,0,Healthy,,,,,yes,no,"Shooting range nearby and 2023 crew experienced several bullets fly overhead; Did not perform seed cut test, some developing seeds may have been affected by smut",7ae8b124-868e-405c-9c55-315ff6b069ce,9/14/2023 21:15,ac15_CSUesri,9/14/2023 21:15,ac15_CSUesri,"HETVIL, NASVIR, Little Bluestem, THIINT, ACHROB"
HEVI4,184,09455d20-b2e7-4207-a41f-8f3ae6b57591,HEVI4,,,2,600,Other,General disturbance in tirewood collection site,,15,20,20,25,20,Healthy,,,,,yes,no,,7ae8b124-868e-405c-9c55-315ff6b069ce,9/14/2023 21:15,ac15_CSUesri,9/14/2023 21:15,ac15_CSUesri,"BOUGRA, NASVIR, Little Bluestem, THIINT, ACHROB"
NAVI4,185,d1cdfb65-7a33-4d18-b807-1a48f109952a,NAVI4,,,1,400,Other,Human disturbance with firewood collection,Some evidence of smut,10,0,35,35,20,Moldy,,,,,yes,no,,7ae8b124-868e-405c-9c55-315ff6b069ce,9/14/2023 21:15,ac15_CSUesri,9/14/2023 21:15,ac15_CSUesri,"HETVIL, BOUGRA, Little Bluestem, THIINT, ACHROB"
None,186,267c4d31-7b17-4586-8302-46bc1b6c38d9,None,,"ELTR7, POSE recorded as SEINET collection by Janet Wingate and there are no gramminoids in this dense conifer forest",,0,No_Damage,,0,0,0,0,0,0,Malformed/Other,None,,,,no,no,,3601eb96-bf10-4116-b1fe-b9c09f5bace6,9/14/2023 21:15,ac15_CSUesri,9/14/2023 21:15,ac15_CSUesri,
FEID,187,a0fa2480-5a4d-419c-986c-5258e9b8e509,FEID,,,0.5,500,Other,Smut fungus,,10,0,10,50,30,Moldy,,,,,yes,no,,c5b0d4c5-13c5-4c47-aaa6-faee53855760,9/14/2023 21:15,ac15_CSUesri,9/14/2023 21:15,ac15_CSUesri,"ELYTRA, KOLMAC, BROINE, BOUGRA, (PASM?), (DESCES or Sporobolus spp.)"
ELTR7,188,d3c95c25-0759-4087-aedc-441bb460a465,ELTR7,,,0.5,200,Other,Smut fungus,,15,0,5,50,30,Moldy,,,,,yes,no,,c5b0d4c5-13c5-4c47-aaa6-faee53855760,9/14/2023 21:15,ac15_CSUesri,9/14/2023 21:15,ac15_CSUesri,"FESIDA, KOLMAC, BROINE, BOUGRA, HETVIL, (PASM?), (DESCES or Sporobolus spp.)"
KOMA,189,c31ce20b-1d8e-4ffa-b56f-87b28629bd23,KOMA,,,0.5,300,Other,Smut fungus,,10,0,0,45,45,Moldy,,,,,yes,no,,c5b0d4c5-13c5-4c47-aaa6-faee53855760,9/14/2023 21:15,ac15_CSUesri,9/14/2023 21:15,ac15_CSUesri,"FESIDA, ELYTRA, BROINE, BOUGRA, HETVIL, (PASM?), (DESCES or Sporobolus spp.)"
BOGR2,190,eabafb4c-4409-442f-b8e2-740c8c684c73,BOGR2,,,0.5,400,Other,Smut fungus,,10,20,50,20,0,Moldy,,,,,yes,no,,c5b0d4c5-13c5-4c47-aaa6-faee53855760,9/14/2023 21:15,ac15_CSUesri,9/14/2023 21:15,ac15_CSUesri,"FESIDA, ELYTRA, BROINE, KOLMAC, HETVIL, (PASM?), (DESCES or Sporobolus spp.)"
HEVI4,191,bfafa850-d7a1-4b6d-85d8-69f63d8a19bc,HEVI4,,,0.5,300,No_Damage,,,15,25,20,20,20,Healthy,,,,,yes,no,,c5b0d4c5-13c5-4c47-aaa6-faee53855760,9/14/2023 21:15,ac15_CSUesri,9/14/2023 21:15,ac15_CSUesri,"FESIDA, KOLMAC, BROINE, BOUGRA, ELYTRA, (PASM?), (DESCES or Sporobolus spp.)"
FEID,192,3793b982-659a-459e-b17d-ae4fa30bb8ea,FEID,,,5,50000,"Grazed_Domestic,Smut_Fungal",,,5,0,5,30,60,Moldy,,,,,yes,no,,64f542dc-7032-4377-863c-ca2ef54e6896,9/26/2023 20:10,ac15_CSUesri,9/26/2023 20:10,ac15_CSUesri,
HEVI4,193,9a79922b-e5b7-4f30-bc68-7632c1da7f14,HEVI4,,,1,5000,No_Damage,,,10,40,25,15,10,Healthy,,,,,no,no,,5239bd7f-c2b7-4684-a6e9-9f1bb3b4b342,9/26/2023 20:10,ac15_CSUesri,9/26/2023 20:10,ac15_CSUesri,
FEID,194,0877f515-cec4-4e72-9de5-3226c10f5cf1,FEID,,,2,15000,No_Damage,,,5,0,0,15,80,Empty,,,,,no,no,,5239bd7f-c2b7-4684-a6e9-9f1bb3b4b342,9/26/2023 20:10,ac15_CSUesri,9/26/2023 20:10,ac15_CSUesri,
FEID,195,bbe0a8a5-191a-45c0-8940-e90c241467a8,FEID,,,1,50000,No_Damage,,,10,0,0,5,85,Empty,,,,,no,no,,a0a71841-6f39-4186-8387-eb021186ad90,9/26/2023 20:10,ac15_CSUesri,9/26/2023 20:10,ac15_CSUesri,
ELTR7,196,ff396fc9-b346-4c48-bd6d-cbc542cc5600,ELTR7,,,1,2500,No_Damage,,,5,0,5,30,60,Empty,,,,,yes,no,,6521bd76-3dcc-4ee0-a764-74e963e66cb6,9/26/2023 20:10,ac15_CSUesri,9/26/2023 20:10,ac15_CSUesri,
FEID,197,68b76171-0531-4aff-b4bd-26d109635d2e,FEID,,,2,2000,No_Damage,,,5,0,0,15,80,Empty,,,,,no,no,,6521bd76-3dcc-4ee0-a764-74e963e66cb6,9/26/2023 20:10,ac15_CSUesri,9/26/2023 20:10,ac15_CSUesri,
DECE,198,5c12394d-c046-49eb-ae21-a3592f1348ee,DECE,,,1,1000,Resown,,"Very minimal spots, mostly on culms",5,0,5,15,75,Empty,,,,,no,no,,d90813f2-368d-4d3e-949f-11f51146c89f,9/26/2023 20:10,ac15_CSUesri,9/26/2023 20:10,ac15_CSUesri,
ELTR7,199,d4af88fe-b21e-4b97-8385-eb9c8c288bd0,ELTR7,,,1,1500,Smut_Fungal,,"Very minimal spots, mostly on culms",5,0,5,20,70,Empty,,,,,no,no,,d90813f2-368d-4d3e-949f-11f51146c89f,9/26/2023 20:10,ac15_CSUesri,9/26/2023 20:10,ac15_CSUesri,
ELTR7,200,e0ec7cdd-cbfe-4840-85de-66aace6d5ee6,ELTR7,,,2,600,Smut_Fungal,,,5,0,5,20,70,Empty,,,,,no,no,,a894eebe-9c31-4f9f-9678-c73400bbf909,9/26/2023 20:10,ac15_CSUesri,9/26/2023 20:10,ac15_CSUesri,
DECE,201,931ab7ba-0be5-471c-900a-3156b7d0b9aa,DECE,,,0.5,2000,Smut_Fungal,,"Very minimal damage, present on calamagrosis as small spots",5,5,10,50,30,Healthy,,,,,yes,no,,a6bca452-46b5-46b8-bbe5-1d621a289fdc,9/26/2023 20:10,ac15_CSUesri,9/26/2023 20:10,ac15_CSUesri,
None,202,f03fa514-cc8c-4401-964d-e9695b4ea031,None,,,0,0,Grazed_Domestic,,Heavily grazed,15,0,0,5,80,Empty,,,,,no,no,Area closed for resource protection. Did not see much speciesof interest along way up to Del Norte peak.,228ce89b-40e5-4d26-af04-f516ee07441d,9/26/2023 20:10,ac15_CSUesri,9/26/2023 20:10,ac15_CSUesri,
FEID,203,6e03f44b-b5a0-4b41-9e1b-08f3b8ca0fcb,FEID,,,2,7500,Smut_Fungal,,Very minimal in shady/ drainage areas,10,0,0,5,85,Empty,,,,,no,no,,4d4f5ec0-8152-44db-b9b4-fc2282f136fa,9/26/2023 20:10,ac15_CSUesri,9/26/2023 20:10,ac15_CSUesri,
BOGR2,204,c8b12c48-c65a-42a3-a185-1ab2316f7dcd,BOGR2,,,2,5000,No_Damage,,,10,0,0,0,90,Empty,,,,,no,no,,4d4f5ec0-8152-44db-b9b4-fc2282f136fa,9/26/2023 20:10,ac15_CSUesri,9/26/2023 20:10,ac15_CSUesri,
HEVI4,205,a0c493f7-a080-42cb-80f1-477cbc132734,HEVI4,,,2,4000,No_Damage,,,20,0,0,10,70,Empty,,,,,no,no,,4d4f5ec0-8152-44db-b9b4-fc2282f136fa,9/26/2023 20:10,ac15_CSUesri,9/26/2023 20:10,ac15_CSUesri,
ELTR7,206,4b57836a-6f28-4f2c-81c0-9adb1036d98d,ELTR7,,,0.5,500,Smut_Fungal,,,5,0,0,35,60,Moldy,,,,,yes,no,,20c2d288-3bf6-49d6-af2e-92871e2fe6f8,9/26/2023 20:10,ac15_CSUesri,9/26/2023 20:10,ac15_CSUesri,
FEID,207,2e1ee4a8-7080-49f8-a106-cd2b7cf79373,FEID,,,1,1000,Smut_Fungal,,,5,0,0,25,70,Moldy,,,,,yes,no,,20c2d288-3bf6-49d6-af2e-92871e2fe6f8,9/26/2023 20:10,ac15_CSUesri,9/26/2023 20:10,ac15_CSUesri,
FEID,208,f99e2f22-ebe6-465b-8066-5ca13596a022,FEID,,,2,5000,"Smut_Fungal,Grazed_Domestic",,,15,0,0,30,55,Moldy,,,,,yes,no,,c29f6e66-bf93-44ad-b470-fe4e471ec01e,9/26/2023 20:10,ac15_CSUesri,9/26/2023 20:10,ac15_CSUesri,
DECE,209,6ea7bba3-6648-4d7d-ad66-896cdf8e1729,DECE,,,1,200,"Smut_Fungal,Grazed_Domestic",,,20,0,0,10,70,Moldy,,,,,yes,no,,c29f6e66-bf93-44ad-b470-fe4e471ec01e,9/26/2023 20:10,ac15_CSUesri,9/26/2023 20:10,ac15_CSUesri,
ELTR7,210,85aec8f0-f205-429f-bda8-859f3dfa6b3e,ELTR7,,,1,100,"Smut_Fungal,Grazed_Domestic",,,15,0,0,25,60,Moldy,,,,,yes,no,,c29f6e66-bf93-44ad-b470-fe4e471ec01e,9/26/2023 20:10,ac15_CSUesri,9/26/2023 20:10,ac15_CSUesri,
DECE,211,92e73b21-5d5c-453f-ad23-c8c6c9e33324,DECE,,,0.25,2500,Smut_Fungal,,,5,0,15,20,60,Moldy,,,,,yes,no,,6426456e-3b72-470c-8b44-31cacf08f49c,9/26/2023 20:10,ac15_CSUesri,9/26/2023 20:10,ac15_CSUesri,
DECE,212,5e1088c9-be57-497a-a204-8f2a7a7db6f8,DECE,,,0.25,200,Smut_Fungal,,,10,0,5,20,65,Moldy,,,,,yes,no,,33c66cbd-f113-48eb-8aa0-1a33ae1c674b,9/26/2023 20:10,ac15_CSUesri,9/26/2023 20:10,ac15_CSUesri,
FEID,213,518b43c4-b4f3-4c89-a1e0-068062c09fde,FEID,,,5,15000,Smut_Fungal,,,10,0,0,20,70,Moldy,,,,,yes,no,Unsure if FEID or other festuca,868bd01a-6763-45d7-ae0c-72d2ef997d78,9/26/2023 20:10,ac15_CSUesri,9/26/2023 20:10,ac15_CSUesri,
None,214,8dae9ab9-4cf4-44ba-a012-bc2d35860ac7,None,,,,0,No_Damage,,,0,0,0,0,0,Malformed/Other,,,,,no,no,"SEINet observation of ELTR7. none found, but some KOMA and Festuca spp.",072b7861-e5b2-48bd-a91a-2920db7145c9,9/26/2023 20:10,ac15_CSUesri,9/26/2023 20:10,ac15_CSUesri,
FEID,215,a3d9cf5a-edbc-43b2-ad16-6258f0c81dc3,FEID,,,2.5,10000,"Smut_Fungal,Grazed_Domestic",,,10,0,0,15,75,Moldy,,,,,yes,no,,f60d86d0-d725-4826-be09-27aef6b7b7de,9/26/2023 20:10,ac15_CSUesri,9/26/2023 20:10,ac15_CSUesri,
FEAR2,216,7b7a2b29-89f5-43fc-b401-046ed5f9c3f4,FEAR2,FEAR2,,5,200000,No_Damage,,,5,0,0,20,75,Empty,,3,5,600000,yes,yes,,ce1a9867-a937-44d7-ac44-18ec4671c247,9/26/2023 20:10,ac15_CSUesri,9/26/2023 20:10,ac15_CSUesri,
HEVI4,217,5e380a96-8aa1-4d8d-8745-7bd9502c4495,HEVI4,,,5,50000,No_Damage,,,5,35,35,10,15,Empty,,,,,yes,no,,ce1a9867-a937-44d7-ac44-18ec4671c247,9/26/2023 20:10,ac15_CSUesri,9/26/2023 20:10,ac15_CSUesri,
KOMA,218,4080c281-c86c-4347-ab6c-3661a3dfa72f,KOMA,,,5,50000,No_Damage,,,5,0,0,10,85,Empty,,,,,no,no,,ce1a9867-a937-44d7-ac44-18ec4671c247,9/26/2023 20:10,ac15_CSUesri,9/26/2023 20:10,ac15_CSUesri,
PASM,219,859d4f44-5f37-4c98-be39-82f9400c7188,PASM,,,5,25000,No_Damage,,,5,0,5,15,75,Empty,,,,,no,no,,ce1a9867-a937-44d7-ac44-18ec4671c247,9/26/2023 20:10,ac15_CSUesri,9/26/2023 20:10,ac15_CSUesri,
FEID,220,d22bea28-bff9-49b5-9479-637a6baa13f0,FEID,,,2,2000,Smut_Fungal,,,10,0,15,35,40,Moldy,,,,,yes,no,,b9f7733a-3202-4079-8ba9-d1f786bc37fd,9/26/2023 20:13,ac15_CSUesri,9/26/2023 20:13,ac15_CSUesri,
KOMA,221,1fe67fe9-b3d8-4ba1-8253-36fbaa1115e1,KOMA,,,2,500,Smut_Fungal,,,15,0,0,30,55,Empty,,,,,yes,no,,b9f7733a-3202-4079-8ba9-d1f786bc37fd,9/26/2023 20:13,ac15_CSUesri,9/26/2023 20:13,ac15_CSUesri,
BOGR2,222,81753c8a-8eee-4ab4-b0f3-91e181bfa757,BOGR2,,,2,250,Smut_Fungal,,,20,0,0,5,75,Empty,,,,,yes,no,,b9f7733a-3202-4079-8ba9-d1f786bc37fd,9/26/2023 20:13,ac15_CSUesri,9/26/2023 20:13,ac15_CSUesri,
DECE,223,1e922954-608e-4fa0-9d14-637d69c3becb,DECE,,,,1,Smut_Fungal,,,15,0,5,20,60,Empty,,,,,yes,no,,73e788f3-8390-475c-8c88-dbcc244adbb7,9/26/2023 20:13,ac15_CSUesri,9/26/2023 20:13,ac15_CSUesri,
FEID,224,9292795e-981f-45b0-bcd9-f4ef68cab621,FEID,,,1,150,Smut_Fungal,,,15,0,5,35,45,Moldy,,,,,yes,no,,73e788f3-8390-475c-8c88-dbcc244adbb7,9/26/2023 20:13,ac15_CSUesri,9/26/2023 20:13,ac15_CSUesri,
FEID,225,403f2adf-f467-416e-b75e-9080d6aaefad,FEID,,,2,1000,Smut_Fungal,,,15,0,5,35,45,Moldy,,,,,yes,no,,5d41026c-8826-4b1b-8467-56fde22e759d,9/26/2023 20:13,ac15_CSUesri,9/26/2023 20:13,ac15_CSUesri,
KOMA,226,6ffb6193-c81a-49db-9620-3e841b3a6827,KOMA,,,0.5,400,Grazed_Domestic,,,15,0,0,10,75,Malformed/Other,Unsure if healthy since most is already shattered,,,,yes,no,,03967ddd-80ef-4fd1-b81b-23f218d5ed9b,9/26/2023 20:13,ac15_CSUesri,9/26/2023 20:13,ac15_CSUesri,
HEVI4,227,9fa20747-2587-4a41-913e-ee8b0edebd68,HEVI4,,,0.8,5000,Insect_damage,,"Minimal dmg, removed beetles from collection bag",5,15,20,35,25,Healthy,,1,500,500000,yes,yes,,e6db9362-b3e2-4719-8cf5-bd02d31a3c0c,9/26/2023 20:50,ac15_CSUesri,9/26/2023 20:50,ac15_CSUesri,
BOGR2,228,1559660f-3e74-4eca-83fd-cff1f77ead41,BOGR2,,,5,25000,No_Damage,,,5,30,50,10,5,Immature,,1,20,100000,yes,no,,e6db9362-b3e2-4719-8cf5-bd02d31a3c0c,9/26/2023 20:50,ac15_CSUesri,9/26/2023 20:50,ac15_CSUesri,
FEID,229,b97b9ee3-fedc-42c4-8b7c-c3b6fa683113,FEID,,,5,100000,Grazed_Domestic,,,5,0,15,60,20,Healthy,,7,9,1260000,yes,yes,,c2716490-4fc5-4ae5-81c5-b5379f35a880,9/26/2023 21:08,ac15_CSUesri,9/26/2023 21:08,ac15_CSUesri,
PEVI3,230,cce31971-2ac5-4b6e-8e78-e7104b1c241f,PEVI3,"Penstemon virens, Front Range beardtongue",,4,5000,No_Damage,,,0,0,100,20,0,Healthy,,9,20,180000,yes,no,"original scout - 7/4/23 at which time population was at the height of flowering.  Two collections followed this scout - 8/25/23 and 9/1/23. I will mail the seed to you. I will also weigh it. Regarding the polygon, I will email you an image of the iNaturalist observation on map. We collected off trail in this zone. ",86079743-0b88-4871-8523-8951511222ff,9/27/2023 16:20,cnhp_guest4,9/27/2023 16:20,cnhp_guest4,
BOGR2,231,017e9b48-a150-4c62-beb5-9084284f70f6,BOGR2,,,4,10000,Smut_Fungal,,Smut on all present grasses ,0,0,0,95,5,Moldy,,1,30,0,yes,no,Scouting for EcoBot mtg 10-19. Not enough forbs to collect. Grasses have smut.,235c0313-1a70-40e6-96cd-313b03690c69,10/6/2023 20:04,cnhp_guest4,10/6/2023 20:04,cnhp_guest4,
KOMA,233,553377e2-ac32-4847-b7e1-dc4ce6d932a7,KOMA,,,5,50000,Smut_Fungal,,,5,0,5,50,40,Healthy,,1,150,1500000,yes,yes,,e313e683-4fb3-457b-9815-e052c68e49b0,10/19/2023 22:32,ac15_CSUesri,10/19/2023 22:32,ac15_CSUesri,
BOGR2,234,63c17c08-efc0-4b4d-bac5-203b393e4b90,BOGR2,,,5,75000,Smut_Fungal,,,5,0,5,40,50,Empty,,1,150,2250000,yes,yes,,682b5d09-6810-4684-b4e1-d1075c079271,10/19/2023 22:37,ac15_CSUesri,10/19/2023 22:37,ac15_CSUesri,
HEVI4,232,def9b4b3-6d8f-4cdb-af2d-84d96faf4c7d,HEVI4,,,5,100000,No_Damage,,,10,0,5,60,25,Healthy,,1,3900,78000000,yes,yes,,f7aa1152-b324-4243-a583-93885c82d308,10/19/2023 22:29,ac15_CSUesri,10/19/2023 22:29,ac15_CSUesri,
Other,235,08c3a177-4cd8-4540-9dc6-675ad5549e44,Other,Schizycharium scoparium,,1,15000,Smut_Fungal,,,5,0,15,50,30,Healthy,,,,,yes,yes,,cae37df0-826f-42b2-8854-92f613889f7d,10/19/2023 22:41,ac15_CSUesri,10/19/2023 22:41,ac15_CSUesri,
Other,236,52d5cab9-bce1-4f52-8526-a2bdd4ef1829,Other,Muhlenbergia montana,,5,100000,Smut_Fungal,,,5,0,15,60,20,Moldy,,,,,yes,yes,,fe5a30ae-d34f-446c-9280-5e4880c40d70,10/19/2023 22:45,ac15_CSUesri,10/19/2023 22:45,ac15_CSUesri,
FEID,251,e30f2259-a7b0-45cd-b408-059f03cc71f2,FEID,,,,10000,No_Damage,,,20,5,70,5,0,Immature,,,,,no,no,,de554e5b-ec1a-47c5-b8fc-92233fbb3dd8,10/23/2023 21:48,ac15_CSUesri,10/23/2023 21:48,ac15_CSUesri,
PSSP6,252,c7bbff90-19f8-48e7-8033-0373eaf6887e,PSSP6,,,,2500,No_Damage,,,10,5,80,5,0,Immature,,,,,no,no,,de554e5b-ec1a-47c5-b8fc-92233fbb3dd8,10/23/2023 21:48,ac15_CSUesri,10/23/2023 21:48,ac15_CSUesri,
FEID,253,58cf729e-a9b5-45d7-865a-5c75253beff4,FEID,,,,5000,No_Damage,,,20,5,70,5,0,Immature,,,,,no,no,,12dd2344-b636-4de9-85a4-7e061f51e2cb,10/23/2023 21:56,ac15_CSUesri,10/23/2023 21:56,ac15_CSUesri,
FEID,254,9f7898c9-2952-4bfc-8341-e5f38d4afcb6,FEID,,,,2500,No_Damage,,,20,5,70,5,0,Immature,,,,,no,no,"Intermixed with FESA, but still good collection site",029fde51-697f-4fa2-9993-372880bac5fd,10/23/2023 23:04,ac15_CSUesri,10/23/2023 23:04,ac15_CSUesri,
FEID,255,b47ae3fc-c4e9-4abd-8b35-90f6b1aeb926,FEID,,,,10000,No_Damage,,,20,5,70,5,0,Immature,,,,,no,no,South-facing slope,3d1e5446-cc71-4674-9e68-adb6b8d8669e,10/23/2023 23:12,ac15_CSUesri,10/23/2023 23:12,ac15_CSUesri,
POSE,256,2910d2ae-1ed7-4db3-9f43-2f4e64c5d7f7,POSE,,,,2500,Insect_damage,,,20,10,70,0,0,Immature,,,,,no,no,,3d1e5446-cc71-4674-9e68-adb6b8d8669e,10/23/2023 23:12,ac15_CSUesri,10/23/2023 23:12,ac15_CSUesri,
FEID,257,35661ef1-39c5-482f-918e-4b7ae5eed851,FEID,,,,10000,No_Damage,,,20,5,70,5,0,Immature,,,,,no,no,Likely ELTR7 & ELGL at campground. ,c410b659-f34d-476f-8ac7-dd6e52bb63d6,10/23/2023 23:17,ac15_CSUesri,10/23/2023 23:17,ac15_CSUesri,
POSE,258,23485848-97eb-4804-b91c-7e4bb97bf407,POSE,,,,2500,Insect_damage,,,20,10,70,0,0,Immature,,,,,no,no,,c410b659-f34d-476f-8ac7-dd6e52bb63d6,10/23/2023 23:17,ac15_CSUesri,10/23/2023 23:17,ac15_CSUesri,
PASM,259,7b41c2d5-00e0-4f38-b4a4-e9565026cecc,PASM,,,,350,No_Damage,,,10,10,75,5,0,Immature,,,,,no,no,,dd620949-e444-47c4-acba-ce13fdd9d30d,10/23/2023 23:28,ac15_CSUesri,10/23/2023 23:28,ac15_CSUesri,
PEVI3,260,d47adf8a-ee04-4483-b820-0b228f1967d7,Other,Penstemon virens,,4,5000,No_Damage,,,5,0,15,80,0,Healthy,,9,20,180000,yes,yes,,75fcbe74-b519-42ee-a983-2ff797983108,10/24/2023 20:53,cnhp_guest4,10/24/2023 20:53,cnhp_guest4,
PEVI3,261,61ee8d7b-898f-41b3-a554-f86943e819f5,Other,Penstemon virens,,4,5000,No_Damage,,,5,0,15,80,0,Healthy,,9,20,180000,yes,yes,,230caa2e-2805-47ab-ae97-54a09df7d9a8,10/24/2023 20:56,cnhp_guest4,10/24/2023 20:56,cnhp_guest4,
THRH,262,c2866a3c-2c98-4c1f-b697-e2494b4d866c,Other,THRH,,0.02,3000,No_Damage,,,5,0,40,55,0,Healthy,,4,5,12000,yes,yes,,f0546921-e891-4bf4-808d-09da2d585cdb,10/24/2023 21:46,cnhp_guest4,10/24/2023 21:46,cnhp_guest4,
FEID,263,dccaf2a2-8b11-4029-bd21-f010274821c7,FEID,,,,500,No_Damage,,,15,5,75,5,0,Immature,,,,,no,no,Possible FEMO2 not FEID,ef1cdc2d-0804-4c38-a4cb-c9a42a97a5a8,10/24/2023 22:56,ac15_CSUesri,10/24/2023 22:56,ac15_CSUesri,
POSE,264,65c4caa5-d335-47f5-8b53-7907be1e01fd,POSE,,,,200,No_Damage,,,15,5,75,5,0,Immature,,,,,no,no,,d54f1c58-c164-4fb6-8138-7c0fdd116d45,10/24/2023 23:03,ac15_CSUesri,10/24/2023 23:03,ac15_CSUesri,
Other,265,52633bcc-d74f-4755-b075-f89a3d105425,Other,PEN spp.,,,500,No_Damage,,,20,60,20,0,0,Immature,,,,,no,no,,d54f1c58-c164-4fb6-8138-7c0fdd116d45,10/24/2023 23:03,ac15_CSUesri,10/24/2023 23:03,ac15_CSUesri,
PASM,266,dcb67766-dc75-4046-8599-21f46ba3fb47,PASM,,,,1000,No_Damage,,,5,25,65,5,0,Immature,,,,,no,no,,9df17fec-8329-4dde-9859-5e146702ba74,10/25/2023 16:14,ac15_CSUesri,10/25/2023 16:14,ac15_CSUesri,
FEID,267,91656ed5-ce04-45c6-a88c-09bbd9c42340,FEID,,,,2500,No_Damage,,,10,5,80,5,0,Immature,,,,,no,no,Population needs further ID. Potentially Festuca saximontana,9df17fec-8329-4dde-9859-5e146702ba74,10/25/2023 16:14,ac15_CSUesri,10/25/2023 16:14,ac15_CSUesri,
BOGR2,268,3ee420c8-bbf1-4de2-9d34-75b25443c922,BOGR2,,,,4000,No_Damage,,,20,20,60,0,0,Immature,,,,,no,no,,70bf5188-2509-4a3e-9198-1a4f6bf23a42,10/25/2023 16:33,ac15_CSUesri,10/25/2023 16:33,ac15_CSUesri,
HEVI4,269,8d59732c-15f2-487c-8cac-942b87fbf98f,HEVI4,,,0.5,200,No_Damage,,,20,60,20,0,0,Immature,,,,,no,no,,eafb7eff-000e-40e7-95d0-6e139a67dc9d,10/25/2023 16:52,ac15_CSUesri,10/25/2023 16:52,ac15_CSUesri,
DAPU,270,8f1e9a63-b4d5-45cc-b4df-1e8d775e2031,DAPU,,,0.5,200,No_Damage,,,50,40,10,0,0,Immature,,,,,no,no,,eafb7eff-000e-40e7-95d0-6e139a67dc9d,10/25/2023 16:52,ac15_CSUesri,10/25/2023 16:52,ac15_CSUesri,
RACO3,271,917f8ba8-7ef2-4692-8fdf-c6b54d49499a,RACO3,,,0.5,100,No_Damage,,,50,40,10,0,0,Immature,,,,,no,no,,eafb7eff-000e-40e7-95d0-6e139a67dc9d,10/25/2023 16:52,ac15_CSUesri,10/25/2023 16:52,ac15_CSUesri,
SPCR,272,aacaf67d-1bb5-4642-9686-590ace5c7469,SPCR,,,0.5,300,No_Damage,,,50,20,30,0,0,Immature,,,,,no,no,,eafb7eff-000e-40e7-95d0-6e139a67dc9d,10/25/2023 16:52,ac15_CSUesri,10/25/2023 16:52,ac15_CSUesri,
BOGR2,273,bae26866-2150-4a1d-a529-f348d563d69e,BOGR2,,,,500,No_Damage,,,10,30,60,0,0,Immature,,,,,no,no,,fd580036-fe43-488c-963f-9925d40cdd49,10/25/2023 17:59,ac15_CSUesri,10/25/2023 17:59,ac15_CSUesri,
SPCR,274,2ecef83d-4607-43cc-a6c4-7e2d2f3ef7b8,SPCR,,,,100,No_Damage,,,50,30,20,0,0,Immature,,,,,no,no,,fd580036-fe43-488c-963f-9925d40cdd49,10/25/2023 17:59,ac15_CSUesri,10/25/2023 17:59,ac15_CSUesri,
KOMA,275,c9981d3d-950b-4613-be38-56cd5701efba,KOMA,,,,150,No_Damage,,,10,80,10,0,0,Immature,,,,,no,no,,fd580036-fe43-488c-963f-9925d40cdd49,10/25/2023 17:59,ac15_CSUesri,10/25/2023 17:59,ac15_CSUesri,
HEVI4,276,71dd6b7e-a0cf-494b-99f8-69fba9b4bd7f,HEVI4,,,,150,No_Damage,,,50,30,20,0,0,Immature,,,,,no,no,,fd580036-fe43-488c-963f-9925d40cdd49,10/25/2023 17:59,ac15_CSUesri,10/25/2023 17:59,ac15_CSUesri,
DAPU,277,5a29349c-643e-4706-a78f-0fb9348e0995,DAPU,,,,300,No_Damage,,,80,15,5,0,0,Immature,,,,,no,no,"Possible D. candida population, double-check ID",fd580036-fe43-488c-963f-9925d40cdd49,10/25/2023 17:59,ac15_CSUesri,10/25/2023 17:59,ac15_CSUesri,
ANGE,278,01783a6e-bd42-4fab-a6ad-21c8dae00333,ANGE,,,,100,No_Damage,,,60,40,0,0,0,Immature,,,,,no,no,"Andropogon spp., Check ID",fd580036-fe43-488c-963f-9925d40cdd49,10/25/2023 17:59,ac15_CSUesri,10/25/2023 17:59,ac15_CSUesri,
NAVI4,283,ee30b044-456c-481a-9255-5f2ccc00893e,NAVI4,,,5,5000,No_Damage,,,5,0,65,25,5,Healthy,,,,,yes,yes,Collection orginally lumped with USFSR2-03 (polygon and datasheet). Technially collection #4.,2e16c2dd-cfd4-4f31-8708-edace469c85f,40:21.0,ac15_CSUesri,40:21.0,ac15_CSUesri,
