ObjectID,GlobalID,Primary Key,What group is leading this collection?,Date Collection Started,YMD,Recollection,Original Seed Reference Number,Collector Names,Land Form,If other land form please specify,Slope,Aspect,Ecoregion,Ranger District,District Org Code,Ranger_Dist_Hidden,Forest Name,Provisional Seed Zone,Geology,Collected species codes,To be completed before you walk away from the site,Identified By,Material Identified,Date Identified,Soil Texture,If Other Soil Type Please Specify,National Vegetation Classification,How Confident are you in this Vegetation's Classification?,Notes on NVC,Seed Collection Raw Weight,Collection Weight in lbs,Approximate Number of Seeds Collected,Shape__Area,Shape__Length,CreationDate,Creator,EditDate,Editor
1,51000b03-de42-4c81-9cd3-9d35fd8ef714,20250604_40.45630055-105.42423453,CNHPY3.1,6/5/2025 14:30,20250605,no,,"Curtis_Drake,Blake_Granquist",Hillslope,,13,N,SR,21005,21005,Canyon Lakes Ranger District,Arapaho and Roosevelt National Forests,1520SH,Migmatite,CAINH2,"Individual_photo,herbarium_vouchers,Bags,filled_out",,,,Sandy_Loam,,CEGL000182 Pinus ponderosa / Carex geyeri Woodland,2,It matches if you swap C. geyeri for C. inops,9,0.02,25735,1.26478E-06,0.005354134,06/05/2025 19:42:51.639,cnhp_guest4,06/05/2025 19:42:51.639,cnhp_guest4
2,6e02ce87-2aa6-4f99-b8de-c52870a91fdc,20250616_42.21952494-105.32919766,CNHPY3.1,6/16/2025 21:15,20250616,no,,"Curtis_Drake,Blake_Granquist,Other",Drainage,,10,E,SR,20609,20609,Douglas Ranger District/Thunder Basin National Grassland,Medicine Bow-Routt National Forest,1015SH,Gneiss,CAINH2,"Individual_photo,herbarium_vouchers,Bags,filled_out",,,,Sandy_Loam,,CEGL000182 Pinus ponderosa / Carex geyeri Woodland,1,"It matches if you swap C. geyeri for C. inops. Also, Pinus ponderosa was present but has burned.",8,,,8.12372E-07,0.003965987,06/30/2025 23:26:09.473,cnhp_guest7,07/30/2025 17:01:44.065,cnhp_guest4
3,291c05a4-36e9-41ec-9659-98286da469d1,20250625_38.68143607-105.88682822,CNHPY3.1,6/25/2025 18:56,20250625,no,,"Curtis_Drake,Blake_Granquist,Other",Flat,,2,NE,SR,21202,21202,Salida Ranger District,Pike and San Isabel National Forests,0510SH,Siltstone,CAINH2,"Individual_photo,herbarium_vouchers,Bags,filled_out",,,,Unsure,,A3398 Ponderosa Pine Southern Rocky Mountain Forest and Woodland Alliance,7,,3,0.01,8578,1.27728E-07,0.003390883,06/30/2025 23:26:12.842,cnhp_guest7,07/28/2025 18:10:05.381,cnhp_guest4
4,2d9fbd24-33a3-4f6a-8f84-fdd0e85fcc16,20250628_37.91191164-105.21128376,CNHPY3.1,6/28/2025 20:51,20250628,no,,"Curtis_Drake,Blake_Granquist,Other",Hills,,3,SW,SR,21203,21203,San Carlos Ranger District,Pike and San Isabel National Forests,1015SH,Shale,CAINH2,"Individual_photo,herbarium_vouchers,Bags,filled_out",,,,Other,Gravelly fine xandy loam,A3398 Ponderosa Pine Southern Rocky Mountain Forest and Woodland Alliance,6,,176,0.39,223033,6.3907E-06,0.013048301,06/30/2025 23:26:14.924,cnhp_guest7,07/28/2025 18:10:24.135,cnhp_guest4
5,53c2154c-a3d2-4554-8aa3-3f16ca77789b,20250628_37.9276444-105.20517846,CNHPY3.1,6/28/2025 13:43,20250628,no,,"Blake_Granquist,Curtis_Drake,Other",Intermontane_Basin,,3,E,SR,21203,21203,San Carlos Ranger District,Pike and San Isabel National Forests,1015SH,Shale,CAINH2,"Individual_photo,herbarium_vouchers,Bags,filled_out",Blake Granquist,In Field,6/28/2025 18:00,Sandy_Loam,,A3398 Ponderosa Pine Southern Rocky Mountain Woodland and Forest Alliance,9,,78,0.17,223033,1.52245E-06,0.005651929,07/01/2025 16:09:01.495,cnhp_guest7,07/15/2025 21:43:35.146,cnhp_guest7
6,92567bd9-8c9b-412c-a40c-8fca163036f4,20250627_37.92603662-105.21410015,CNHPY3.1,6/28/2025 17:41,20250628,no,,"Curtis_Drake,Blake_Granquist,Other,Mele_Avery,Maggie_Gaddis",Hillslope,,6,NW,SR,21203,21203,San Carlos Ranger District,Pike and San Isabel National Forests,1015SH,Shale,CAINH2,Bags,,,,Sandy_Loam,,A3398 Ponderosa Pine Southern Rocky Mountain Forest and Woodlamd Alliance,9,,28,0.06,80063,3.45013E-06,0.008007371,07/01/2025 16:09:03.199,cnhp_guest7,07/15/2025 21:41:51.013,cnhp_guest7
7,7c7c74de-9834-4ae3-9ed4-82376ce534b2,20250712_38.96774491-108.09507418,CNHPY3.1,7/12/2025 13:24,20250712,no,,"Blake_Granquist,Curtis_Drake,Other",Highland,,3,SE,SR,20402,20402,Grand Valley Ranger District,"Grand Mesa, Uncompahgre and Gunnison National Forests",0510VH,Basalt,GETR,"Individual_photo,herbarium_vouchers",,,,Loam,,G268 Southern Rocky Mountain Montane-Subalpine Grassland Group,7,,21,0.05,20000,3.81188E-07,0.00292586,07/15/2025 15:56:30.274,cnhp_guest7,07/15/2025 15:56:30.274,cnhp_guest7
8,731156e3-4e11-43bd-9824-f76f689e52fc,20250713_38.63416914-106.75169495,CNHPY3.1,7/13/2025 13:53,20250713,no,,"Curtis_Drake,Blake_Granquist,Other",Hillslope,,10,NE,SR,20407,20407,Gunnison Ranger District,"Grand Mesa, Uncompahgre and Gunnison National Forests",0510HU,Gneiss,GETR,"herbarium_vouchers,Individual_photo,Bags,filled_out",,,,Loam,,"CEGL001630 Thurber's Fescue Subalpine, Grassland Association",7,The species of significance are not the best match but dominant species are.,20,0.04,19048,7.95195E-07,0.005505907,07/15/2025 15:56:32.714,cnhp_guest7,07/15/2025 15:56:32.714,cnhp_guest7
9,ae1e6e60-bf96-4d59-a732-0fc9d2c4efac,20250713_38.63078412-106.75385283,CNHPY3.1,7/13/2025 16:08,20250713,no,,"Curtis_Drake,Blake_Granquist,Other",Hillslope,,8,SE,SR,20407,20407,Gunnison Ranger District,"Grand Mesa, Uncompahgre and Gunnison National Forests",0510HU,Gneiss,POFE,"Individual_photo,herbarium_vouchers,Bags,filled_out",,,,Loam,,CEGL001631 Festuca Thurberi Subalpine Grassland,8,,70,0.15,137348,7.85178E-06,0.013110502,07/15/2025 15:56:34.345,cnhp_guest7,07/15/2025 15:56:34.345,cnhp_guest7
10,d0e0ef27-6231-43b5-9fd7-9c64604067f9,20250713_38.60002682-106.76206893,CNHPY3.1,7/13/2025 23:17,20250713,no,,"Blake_Granquist,Curtis_Drake",Hillslope,,3,NW,SR,20407,20407,Gunnison Ranger District,"Grand Mesa, Uncompahgre and Gunnison National Forests",0510SH,Sandstone,"POSE, ACNE9","Bags,Individual_photo,herbarium_vouchers,filled_out",,,,Sandy_Loam,,CEGL001617 Festuca idahoensis A3954 Grassland Alliance,5,,300,0.66,30589,2.35397E-06,0.006431273,07/15/2025 16:01:01.552,cnhp_guest7,07/15/2025 16:01:01.552,cnhp_guest7
11,2c4daf2d-aabd-4381-a3c6-d49ee6f39849,20250520_40.77253631-105.54305576,CNHPY3.1,7/16/2025 15:17,20250716,no,,Other,Valleys,,5,NE,SR,21005,21005,Canyon Lakes Ranger District,Arapaho and Roosevelt National Forests,1015SH,,GETR,"Individual_photo,herbarium_vouchers,Bags,filled_out",,,,,,CEGL001107 Dasiphora fruticosa / Deschampsia cespitosa Wet Shrubland,5,Could also be CEGL001106,,,,3.09579E-06,0.007826631,07/16/2025 20:03:28.138,cnhp_guest4,07/31/2025 18:18:15.564,cnhp_guest4
12,eb5dcbb6-90a1-4cbc-bc00-212758db327c,20250722_41.16322102-106.11531786,CNHPY3.1,7/22/2025 18:00,20250722,no,,"Curtis_Drake,Blake_Granquist,Other",Intermontane_Basin,,1,SE,SR,20605,20605,Laramie Ranger District,Medicine Bow-Routt National Forest,0510SH,Conglomerate,ACNE9,"Individual_photo,herbarium_vouchers,Bags,filled_out",,,,Other,Gravelly loam,G624 Western North American Interior Ruderal Grassland & Shrubland Group,5,"Veg community appears altered by human activities, especially soil compaction from dispersed camping",26,0.06,8598,7.52366E-07,0.00338577,07/29/2025 19:55:18.263,cnhp_guest4,07/31/2025 18:33:59.073,cnhp_guest4
13,3aaaf29f-c909-4c03-9579-71ed851c9ba8,20250722_41.16554793-106.13520381,CNHPY3.1,7/22/2025 22:26,20250722,no,,"Curtis_Drake,Blake_Granquist,Other",Intermontane_Basin,,0,W,SR,20605,20605,Laramie Ranger District,Medicine Bow-Routt National Forest,0510HU,Conglomerate,ACNE9,"Individual_photo,herbarium_vouchers,Bags,filled_out",,,,Other,Gravelly sandy loam,A0424 Pinus contorta - Populus tremuloides Rocky Mountain Forest Alliance,7,,65,0.14,21495,1.20268E-06,0.006127594,07/29/2025 19:55:20.971,cnhp_guest4,07/31/2025 18:42:44.335,cnhp_guest4
14,b3c7c46d-0fe3-458b-92c2-1dad6a2dbca3,20250723_41.16553825-106.13894359,CNHPY3.1,7/23/2025 13:28,20250723,no,,"Blake_Granquist,Curtis_Drake,Other",Flat,,1,Flat,SR,20605,20605,Laramie Ranger District,Medicine Bow-Routt National Forest,0510HU,Unconsolidated,ACNE9,Individual_photo,,,,Other,Gravelly sandy loam,A0424 Pinus contorta - Populus tremuloides Rocky Mountain Forest Alliance,5,,125,0.28,41337,2.84389E-06,0.008247953,07/29/2025 20:05:35.714,cnhp_guest4,07/31/2025 18:45:22.379,cnhp_guest4
15,aec3d44f-7767-4f5d-80db-6988f3a221db,20250724_41.1312983-106.16912657,CNHPY3.1,7/24/2025 14:40,20250724,no,,"Curtis_Drake,Blake_Granquist,Other",Unsure,,3,NW,SR,20605,20605,Laramie Ranger District,Medicine Bow-Routt National Forest,0510SH,Gabbroic,ACNE9,"Individual_photo,herbarium_vouchers,Bags,filled_out",,,,Other,Gravelly sandy loam,G624 Western North American Interior Ruderal Grassland & Shrubland Group,7,Post-burn community,186,0.41,61509,4.5073E-05,0.029984523,07/29/2025 20:05:37.280,cnhp_guest4,07/31/2025 19:07:36.540,cnhp_guest4
16,90815831-8833-475f-8a11-411e21e30793,20250724_41.1312983-106.16912657,CNHPY3.1,7/24/2025 18:37,20250724,no,,"Blake_Granquist,Other",Flat,,0,Flat,SR,20605,20605,Laramie Ranger District,Medicine Bow-Routt National Forest,0510SH,Gabbroic,DAIN,"Individual_photo,herbarium_vouchers,Bags,filled_out",,,,Other,Gravelly sandy loam,G624 Western North American Interior Ruderal Grassland & Shrubland Group,7,Post-burn community,193,0.43,193003,3.39753E-07,0.003130634,07/29/2025 20:05:39.286,cnhp_guest4,10/30/2025 22:29:26.731,cnhp_guest4
17,4bad12c1-bd35-4883-9f82-ac1832b8cb14,20250725_41.14832916-106.15432152,CNHPY3.1,7/25/2025 14:19,20250725,no,,"Blake_Granquist,Other",Hillslope,,6,SW,SR,20605,20605,Laramie Ranger District,Medicine Bow-Routt National Forest,0510HU,Gabbroic,ACNE9,"Individual_photo,herbarium_vouchers,Bags,filled_out",,,,Other,Gravelly loam,G624 Western North American Interior Ruderal Grassland & Shrubland Group,6,Post-wildfire community,145,0.32,47951,1.33913E-06,0.012386989,07/29/2025 20:05:41.037,cnhp_guest4,07/31/2025 19:10:02.435,cnhp_guest4
18,853dc3da-6d92-4e9e-a3ee-e0fb9980d196,20250725_41.22388996-106.23345502,CNHPY3.1,7/25/2025 18:51,20250725,no,,"Blake_Granquist,Other",Drainage,,0,Flat,SR,20605,20605,Laramie Ranger District,Medicine Bow-Routt National Forest,0510VH,Gneiss,GETR,"Individual_photo,herbarium_vouchers,Bags,filled_out",,,,Other,Very gravelly loam,G521. Pacific-Rocky Mountain Montane Wet Meadow & Marsh,8,,30,0.07,28572,7.14771E-07,0.004768671,07/29/2025 20:05:42.744,cnhp_guest4,07/31/2025 19:16:35.618,cnhp_guest4
19,9c25dadc-4599-49fe-acb7-48ae5741b78b,20250725_41.22388996-106.23345502,CNHPY3.1,7/25/2025 19:22,20250725,no,,"Blake_Granquist,Other",Drainage,,0,Flat,SR,20605,20605,Laramie Ranger District,Medicine Bow-Routt National Forest,0510VH,Gneiss,DECE,"Individual_photo,herbarium_vouchers,Bags,filled_out",,,,Other,Very gravelly loam,G521. Pacific-Rocky Mountain Montane Wet Meadow & Marsh,8,,315,0.69,902793,2.6365E-06,0.006826444,07/29/2025 20:05:44.579,cnhp_guest4,07/31/2025 19:16:39.864,cnhp_guest4
20,895304d8-e745-453d-b35b-e72b6ac9e060,20250726_41.02814657-106.59685391,CNHPY3.1,7/26/2025 14:55,20250726,no,,Blake_Granquist,Drainage,,3,W,SR,20602,20602,Brush Creek-Hayden Ranger District,Medicine Bow-Routt National Forest,0510HU,Marl,ACNE9,"Individual_photo,herbarium_vouchers,Bags,filled_out",,,,Other,Gravelly loam,"M893 Western North American Montane Marsh, Wet Meadow & Shrubland Macrogroup",8,,30,0.07,9921,3.52352E-06,0.015703618,07/29/2025 20:05:46.387,cnhp_guest4,07/31/2025 19:27:17.802,cnhp_guest4
21,04b0c1cf-b924-4749-9252-be73a87e8ebf,20250726_41.02814657-106.59685391,CNHPY3.1,7/26/2025 19:17,20250726,no,,Blake_Granquist,Drainage,,2,W,SR,20602,20602,Brush Creek-Hayden Ranger District,Medicine Bow-Routt National Forest,0510HU,Marl,DECE,"Individual_photo,herbarium_vouchers,Bags,filled_out",,,,Other,Gravelly loam,"M893 Western North American Montane Marsh, Wet Meadow & Shrubland Macrogroup",8,,235,0.52,673512,8.55649E-07,0.007090577,07/29/2025 20:05:48.025,cnhp_guest4,07/31/2025 19:27:35.227,cnhp_guest4
22,7d7128a0-c903-4b44-81a9-a8e35fd9f298,20250727_41.06832439-106.63397144,CNHPY3.1,7/27/2025 14:39,20250727,no,,"Blake_Granquist,Other",Hillslope,,3,SW,SR,20602,20602,Brush Creek-Hayden Ranger District,Medicine Bow-Routt National Forest,0510VH,Gneiss,ACNE9,Individual_photo,,,,Other,Very gravelly loam,A3182 Artemisia tridentata ssp. wyomingensis Dry-Mesic Shrub Steppe Alliance,5,,53,0.12,17527,9.63726E-07,0.00696812,07/29/2025 20:05:49.639,cnhp_guest4,07/31/2025 19:49:11.835,cnhp_guest4
23,2553ce8b-1332-434a-a540-c73daa721e7f,20250727_41.27831901-105.40119627,CNHPY3.1,7/27/2025 22:15,20250727,no,,Blake_Granquist,Drainage,,4,S,SR,20605,20605,Laramie Ranger District,Medicine Bow-Routt National Forest,1015SH,Granite,ACNE9,"Individual_photo,herbarium_vouchers,Bags,filled_out",,,,Other,Gravelly sandy loam,G226. Southern Rocky Mountain Dry Mixed Conifer Forest & Woodland,5,,5,0.01,1653,3.31951E-07,0.004009689,07/29/2025 20:05:50.959,cnhp_guest4,07/31/2025 19:49:18.551,cnhp_guest4
24,f16192c4-60e1-4081-8b3d-272aeb51b25d,20250728_40.77257513-105.54287143,CNHPY3.1,7/28/2025 19:49,20250728,no,,Blake_Granquist,Drainage,,2,NE,SR,21005,21005,Canyon Lakes Ranger District,Arapaho and Roosevelt National Forests,1015SH,Alkali-feldspar-granite,DECE,"Individual_photo,herbarium_vouchers,Bags,filled_out",,,,Other,Gravelly sandy loam,CEGL001107 Dasiphora fruticosa / Deschampsia cespitosa Wet Shrubland,5,Could also be CEGL001106,293,0.65,839741,6.99898E-05,0.056871114,07/29/2025 20:05:52.192,cnhp_guest4,07/31/2025 18:17:19.953,cnhp_guest4
25,035dfee7-d13c-4237-95e8-3681ad18c531,20250805_39.844485636760226-105.49361465109884,CNHPY3.1,8/5/2025 16:15,20250805,no,,Other,Hillslope,,12,SE,SR,21007,21007,Clear Creek Ranger District,Arapaho and Roosevelt National Forests,0510HU,,CAPU,"Individual_photo,herbarium_vouchers,Bags,filled_out",,,,,,,,,,,,1.15662E-05,0.017578391,08/08/2025 19:36:20.378,cnhp_guest4,10/31/2025 17:58:29.950,cnhp_guest4
26,1a18b98c-ce82-40c6-81a1-094aedcdfd1e,20250614_43.59197089-109.9409576,CNHPY3.1,8/6/2025 22:10,20250806,no,,"Curtis_Drake,Blake_Granquist",Hillslope,,5,SW,MR,21405,21405,Wind River Ranger District,Shoshone National Forest,0005HU,Unconsolidated,PEPR2,Individual_photo,,,,Loam,,,,,190,0.42,418878,1.38489E-06,0.004839948,08/11/2025 21:17:15.961,cnhp_guest4,08/11/2025 21:17:15.961,cnhp_guest4
27,ac06d16a-5585-4050-a0a0-1651ce09a535,20250611_42.59190602-108.84722943,CNHPY3.1,8/5/2025 22:00,20250805,no,,"Curtis_Drake,Blake_Granquist",Hillslope,,5,W,MR,21403,21403,Washakie Ranger District,Shoshone National Forest,0510HU,Granodiorite,PEPR2,"Individual_photo,herbarium_vouchers,Bags,filled_out",,,,Loam,,,,,110,0.24,242508,1.57191E-07,0.001667981,08/12/2025 16:06:41.236,cnhp_guest7,08/12/2025 16:06:41.236,cnhp_guest7
28,dcbe342f-d89f-4d58-a50f-fd5f41d40121,20250611_42.73119987-108.8565137,CNHPY3.1,8/6/2025 14:21,20250806,no,,"Curtis_Drake,Blake_Granquist",Hillslope,,8,E,MR,21403,21403,Washakie Ranger District,Shoshone National Forest,0510SH,Sand,POSE,"Individual_photo,herbarium_vouchers,Bags,filled_out",,,,Sandy_Loam,,,,,42,0.09,85650,3.31411E-07,0.002962898,08/12/2025 16:06:43.282,cnhp_guest7,08/12/2025 16:06:43.282,cnhp_guest7
29,ba3ec5a8-db97-414e-ba9d-251afd68f850,20250614_43.57089203-109.88997151,CNHPY3.1,8/6/2025 20:28,20250806,no,,"Blake_Granquist,Curtis_Drake",Hillslope,,3,NE,MR,21405,21405,Wind River Ranger District,Shoshone National Forest,0510SH,Conglomerate,PEPR2,Individual_photo,,,,Sandy_Loam,,,,,158,0.35,348330,8.72022E-07,0.00471453,08/12/2025 16:06:44.939,cnhp_guest7,08/12/2025 16:06:44.939,cnhp_guest7
30,d252f607-44c8-4852-a624-a2b46e160369,20250615_43.65627847-109.93618302,CNHPY3.1,8/7/2025 14:19,20250807,no,,"Curtis_Drake,Blake_Granquist",Colluvium,,5,W,MR,21405,21405,Wind River Ranger District,Shoshone National Forest,0005SH,Unconsolidated,PEPR2,"Individual_photo,herbarium_vouchers,Bags,filled_out",,,,Sandy_Loam,,,,,475,1.05,1047196,2.38225E-06,0.012635159,08/12/2025 16:06:46.533,cnhp_guest7,08/12/2025 16:06:46.533,cnhp_guest7
31,085f7e9a-6129-4d17-b0df-08f1bc9d7059,20250615_43.71343537-109.96688157,CNHPY3.1,8/7/2025 17:10,20250807,no,,"Blake_Granquist,Curtis_Drake",Unsure,,2,SW,MR,21405,21405,Wind River Ranger District,Shoshone National Forest,0005HU,Unconsolidated,PEPR2,"Individual_photo,herbarium_vouchers,Bags,filled_out",,,,Loam,,,,,295,0.65,650364,1.18087E-06,0.004652288,08/12/2025 16:06:47.920,cnhp_guest7,08/12/2025 16:06:47.920,cnhp_guest7
32,5530a7a5-e090-41e8-8883-7664c4314d74,20250808_44.30493751-109.24259886,CNHPY3.1,8/8/2025 19:25,20250808,no,,"Curtis_Drake,Blake_Granquist",Flat,,1,NW,MR,21404,21404,Wapiti Ranger District,Shoshone National Forest,1015SH,Unconsolidated,"PEPR2, GETR","Individual_photo,herbarium_vouchers,Bags,filled_out",,,,Loam,,,,,1160,2.56,2557362,4.57885E-06,0.008569276,08/12/2025 16:06:50.054,cnhp_guest7,11/03/2025 21:44:03.721,cnhp_guest4
33,6002cb47-f237-4980-a023-e0ca2b0af97a,20250809_44.69261927-109.62467183,CNHPY3.1,8/9/2025 21:42,20250809,no,,"Curtis_Drake,Blake_Granquist",Foothills,,10,SE,MR,21401,21401,Clarks Fork Ranger District,Shoshone National Forest,0510SH,Silt,PEPR2,"Individual_photo,herbarium_vouchers,Bags,filled_out",,,,Sandy_Loam,,,,,840,1.85,1851883,1.2781E-06,0.005298855,08/12/2025 16:06:51.461,cnhp_guest7,08/12/2025 16:06:51.461,cnhp_guest7
34,c751e0c8-80c8-4ca1-85a6-e4ede929b223,20250810_44.95004374-109.63291388,CNHPY3.1,8/10/2025 14:49,20250810,no,,"Curtis_Drake,Blake_Granquist",Hills,,5,Flat,MR,21401,21401,Clarks Fork Ranger District,Shoshone National Forest,0005VH,Limestone,GETR,"Individual_photo,herbarium_vouchers,Bags,filled_out",,,,Loam,,A3614 Abies lasiocarpa - Picea engelmannii Rocky Mountain Moist Forest Alliance,6,,565,1.25,538104,1.98787E-06,0.006374286,08/12/2025 16:06:53.196,cnhp_guest7,08/12/2025 18:33:12.625,cnhp_guest4
35,eab54789-7e56-4a6b-9708-85cec0ae2904,20250819_39.65889969-105.87892287,CNHPY3.1,8/19/2025 18:55,20250819,no,,"Curtis_Drake,Blake_Granquist",Hillslope,,5,N,SR,21510,21510,Dillon Ranger District,White River National Forest,0005VH,Migmatite,DROC,"Individual_photo,herbarium_vouchers,Bags,filled_out",,,,Unsure,,A3176 Salix arctica - Salix nivalis - Salix reticulata Alpine Dwarf-shrubland Alliance,6,,90,0.2,126000,3.11186E-06,0.007537984,08/26/2025 17:29:47.588,cnhp_guest4,08/26/2025 18:32:43.707,cnhp_guest4
36,678ac1da-b6b2-46d2-88ec-5522289c2932,20250820_39.37020255-106.07016845,CNHPY3.1,8/20/2025 17:33,20250820,no,,"Curtis_Drake,Blake_Granquist",Hillslope,,9,NE,SR,21510,21510,Dillon Ranger District,White River National Forest,0510VH,Arkose,DECE,"Individual_photo,herbarium_vouchers,Bags,filled_out",,,,Silt_Loam,,"D031 Alnus viridis ssp. sinuata - Salix boothii / Carex spp. Western North American Freshwater Marsh, Wet Meadow & Shrubland Division",3,,395,0.87,1132074,4.28623E-07,0.007036958,08/26/2025 17:29:49.818,cnhp_guest4,08/26/2025 19:03:33.180,cnhp_guest4
37,2086545d-dd9a-44cf-9abd-ca24c3713071,20250821_39.70031048-106.34698171,CNHPY3.1,8/21/2025 14:43,20250821,no,,"Curtis_Drake,Blake_Granquist",Saddle,,15,NW,SR,21507,21507,Holy Cross Ranger District,White River National Forest,0510HU,Granite,"GERO2, DECE","Individual_photo,herbarium_vouchers",,,,Loam,,CEGL000381 Picea engelmannii / Vaccinium scoparium Forest,4,Better match for adjacent forest,153,0.34,118058,4.30322E-07,0.003387246,08/26/2025 17:29:51.659,cnhp_guest4,08/26/2025 18:38:14.668,cnhp_guest4
38,a2a82d88-6c26-4c11-8274-7209dcc2a5f2,20250821_39.70054223-106.34283066,CNHPY3.1,8/21/2025 17:31,20250821,no,,"Curtis_Drake,Blake_Granquist",Drainage,,5,W,SR,21507,21507,Holy Cross Ranger District,White River National Forest,0005VH,Granite,DECE,"Individual_photo,herbarium_vouchers,Bags,filled_out",,,,Loam,,CEGL002663 Abies lasiocarpa - Picea engelmannii / Mertensia ciliata Swamp Forest,8,,145,0.32,415571,3.60782E-07,0.002755608,08/26/2025 17:29:53.286,cnhp_guest4,08/26/2025 18:20:49.774,cnhp_guest4
39,765ca65b-5071-4aaa-a59f-0171cc56d2b5,20250822_39.49799618-106.2528054,CNHPY3.1,8/22/2025 14:22,20250822,no,,"Curtis_Drake,Blake_Granquist",Saddle,,7,N,SR,21510,21510,Dillon Ranger District,White River National Forest,0005VH,Arkose,"CAEB, DECE, POAL2, GERO2",Individual_photo,,,,Silt_Loam,,CEGL001935 Trifolium dasyphyllum Alpine Fell-field,7,,2400,5.29,0,6.17195E-05,0.049162504,08/26/2025 17:29:55.536,cnhp_guest4,08/26/2025 18:08:22.484,cnhp_guest4
40,dff82c74-71be-4649-9287-4e35ac465988,20250824_39.126711-106.58731441,CNHPY3.1,8/24/2025 17:14,20250824,no,,"Curtis_Drake,Blake_Granquist",Hillslope,,15,NE,SR,21501,21501,Aspen Ranger District,White River National Forest,0005VH,Migmatite,GERO2,"Individual_photo,herbarium_vouchers,filled_out",,,,Loam,,A3176 Salix arctica - Salix nivalis - Salix reticulata Alpine Dwarf-shrubland Alliance,6,,130,0.29,100310,5.16837E-07,0.006467047,08/26/2025 17:29:56.939,cnhp_guest4,08/26/2025 18:32:05.313,cnhp_guest4
41,8ff26257-5dd5-4a20-9a26-76ec621aa3f4,20250824_39.28137153-106.71867075,CNHPY3.1,8/25/2025 13:52,20250825,no,,"Curtis_Drake,Blake_Granquist",Hillslope,,4,W,SR,21503,21503,Sopris Ranger District,White River National Forest,0005VH,Migmatite,"CAEB, DECE","Individual_photo,herbarium_vouchers,filled_out",,,,Loam,,CEGL000381 Picea engelmannii / Vaccinium scoparium Forest,4,"Confident that this is the NVC for adjacent forest, however, the site was open meadow and not forest.",250,0.55,0,3.9786E-06,0.010129625,08/26/2025 17:29:58.606,cnhp_guest4,08/26/2025 18:18:17.806,cnhp_guest4
42,0519e06b-3434-454d-b800-a00703dd67a1,20250709_39.52656686-105.74161082,CoNPS3.2,8/27/2025 14:11,20250827,no,,"Janet_Toenjes,Mele_Avery,Other",Stream_Terrace,,0,Flat,SR,21211,21211,South Platte Ranger District,Pike and San Isabel National Forests,0510SH,Gravel,"PEPR2, GETR","herbarium_vouchers,Individual_photo,Bags,filled_out",,,,Loam,,CEGL001105 Dasiphora fruticosa Wet Shrubland,8,May fit a narrower classification,580,1.28,1278681,2.33317E-06,0.007117669,08/28/2025 15:51:49.626,cnhp_guest4,10/05/2025 21:12:26.783,cnhp_guest4
43,e2273943-7d52-4c75-a08b-9758b195e665,20250529_40.75896001-104.46714864,CoNPS3.2,8/30/2025 15:27,20250830,no,,"Mele_Avery,Other",Plains,,5,NW,HP,21006,21006,Pawnee Ranger District,Arapaho and Roosevelt National Forests,1015SA,Shale,BOGR,"Individual_photo,herbarium_vouchers,Bags,filled_out",,,,Sandy_Loam,,CEGL001760-Bouteloua gracilis Grassland,8,"Good for floristics, may fit a narrower classification",177,0.39,0,1.40623E-06,0.006480199,08/31/2025 03:25:05.745,cnhp_guest4,10/31/2025 16:45:22.535,cnhp_guest4
44,2b1ab067-5aa1-4191-9428-c52f0411609c,20250904_40.77708666678518-106.77404140122235,CoNPS3.2,9/6/2025 14:25,20250906,no,,"Maggie_Gaddis,Mele_Avery,Other",Hillslope,,10,SW,SR,20603,20603,Hahns Peak-Bears Ears Ranger District,Medicine Bow-Routt National Forest,0510HU,Siltstone,"HEMU3, ERSP4","Individual_photo,herbarium_vouchers,Bags,filled_out",,,,Sandy_Loam,,CEGL000618-Populus tremuloides / Tall Forbs Forest,9,Could be CEGL000610 but this feels more correct based on forb diversity,591,1.3,2084691,1.03354E-06,0.0042268,09/07/2025 03:40:46.553,cnhp_guest4,10/21/2025 16:25:01.547,cnhp_guest4
45,f725d2c0-10f6-420b-b84b-078b01f65d52,20250903_42.96473289-103.44451504,CNHPY3.1,9/3/2025 14:38,20250903,no,,"Curtis_Drake,Blake_Granquist",Plateau,,8,Flat,NG,20702,20702,Pine Ridge Ranger District,Nebraska National Forest,1015SH,,SCSC,"herbarium_vouchers,Individual_photo",,,,Silty_Clay_Loam,,A4042 Schizachyrium scoparium - Bouteloua curtipendula Central Plains Grassland Alliance,,,910,2.01,521614,2.47542E-06,0.010886963,09/09/2025 17:03:27.417,cnhp_guest4,09/09/2025 19:48:33.022,cnhp_guest4
46,a47f2e00-7023-4f4e-84a5-69ea011a63aa,20250904_42.696699928384994-103.5798292729516,CNHPY3.1,9/4/2025 14:15,20250904,no,,"Curtis_Drake,Blake_Granquist",Ridge,,4,NW,HP,20702,20702,Pine Ridge Ranger District,Nebraska National Forest,1015SH,Sand,ECAN2,"Individual_photo,herbarium_vouchers,Bags",,,,Sandy_Loam,,G216 Pinus ponderosa Northwestern Great Plains Forest & Woodland Group,8,,130,0.29,27800,2.36503E-07,0.002475514,09/09/2025 17:03:29.719,cnhp_guest4,09/23/2025 20:50:10.967,cnhp_guest4
47,f4f12c9b-0e25-4d66-8c4b-66d09b766406,20250904_42.8288713-103.583594,CNHPY3.1,9/4/2025 17:43,20250904,no,,"Curtis_Drake,Blake_Granquist",Hills,,4,E,NG,20702,20702,Pine Ridge Ranger District,Nebraska National Forest,1015SH,,"ECAN2, SCSC","Individual_photo,herbarium_vouchers,Bags,filled_out",,,,Silt_Loam,,A4042 Schizachyrium scoparium - Bouteloua curtipendula Central Plains Grassland Alliance,7,,1950,4.3,417004,2.15114E-05,0.022469198,09/09/2025 17:03:31.712,cnhp_guest4,09/09/2025 21:04:09.013,cnhp_guest4
48,3204aaf7-be1b-4455-9737-3350bddc4f89,20250905_42.82307181-103.61786852,CNHPY3.1,9/5/2025 13:13,20250905,no,,"Curtis_Drake,Blake_Granquist",Alluvial_Valley,,5,N,HP,20702,20702,Pine Ridge Ranger District,Nebraska National Forest,1015SH,,SCSC,"Individual_photo,herbarium_vouchers,Bags,filled_out",,,,Loam,,G141 Pascopyrum smithii - Hesperostipa comata - Schizachyrium scoparium Mixedgrass Prairie Group,6,No HECO but the rest matches fairly well,1190,2.62,682110,4.35578E-06,0.011668947,09/09/2025 17:03:33.118,cnhp_guest4,09/09/2025 21:08:21.486,cnhp_guest4
49,98db1e68-e3ad-4328-85fc-a37789f15861,20250905_42.63791851-103.19341499,CNHPY3.1,9/5/2025 20:47,20250905,no,,"Curtis_Drake,Blake_Granquist",Plains,,2,NW,HP,20702,20702,Pine Ridge Ranger District,Nebraska National Forest,1015SH,Sand,ECAN2,"Individual_photo,herbarium_vouchers,Bags,filled_out",,,,Silt_Loam,,A4042 Schizachyrium scoparium - Bouteloua curtipendula Central Plains Grassland Alliance,5,,600,1.32,128309,2.75023E-06,0.014085844,09/09/2025 17:03:34.790,cnhp_guest4,09/09/2025 21:04:03.748,cnhp_guest4
50,34c20676-928d-428f-bbc4-7491910df3f2,20250906_42.66472868-103.10089252,CNHPY3.1,9/6/2025 14:04,20250906,no,,"Blake_Granquist,Curtis_Drake",Ridge,,2,NE,HP,20702,20702,Pine Ridge Ranger District,Nebraska National Forest,1520SH,Sand,ECAN2,"Individual_photo,herbarium_vouchers,Bags,filled_out",,,,Loam,,A4042 Schizachyrium scoparium - Bouteloua curtipendula Central Plains Grassland Alliance,6,,195,0.43,41700,2.22833E-06,0.01357733,09/09/2025 17:03:36.275,cnhp_guest4,09/09/2025 20:40:23.965,cnhp_guest4
51,1fdbf39b-f686-42df-950d-feb320010c23,20250906_42.64314873-103.04533043,CNHPY3.1,9/6/2025 16:37,20250906,no,,"Curtis_Drake,Blake_Granquist",Hills,,3,W,HP,20702,20702,Pine Ridge Ranger District,Nebraska National Forest,1520SH,Sand,ECAN2,"Individual_photo,herbarium_vouchers,Bags,filled_out",,,,Loam,,G216 Pinus ponderosa Northwestern Great Plains Forest & Woodland Group,7,,1240,,,7.53308E-06,0.013068416,09/09/2025 17:03:37.751,cnhp_guest4,09/09/2025 20:43:45.117,cnhp_guest4
52,211a5cde-0a88-424a-933e-dc228048a748,20250906_42.83441434-103.00034191,CNHPY3.1,9/6/2025 21:00,20250906,no,,"Blake_Granquist,Curtis_Drake",Unsure,,3,E,HP,20702,20702,Pine Ridge Ranger District,Nebraska National Forest,1015SH,,ASSP,"Individual_photo,herbarium_vouchers",,,,Unsure,,Urban,10,,3500,7.72,555565,3.96099E-08,0.001324542,09/09/2025 17:03:38.895,cnhp_guest4,09/09/2025 20:40:37.553,cnhp_guest4
53,3ebac4f3-d7bc-4257-b820-ea7cc71dbee7,20250520_40.76063685-105.54283788,CNHPY3.1,9/7/2025 15:13,20250907,no,,"Curtis_Drake,Blake_Granquist",Valleys,,6,S,SR,21005,21005,Canyon Lakes Ranger District,Arapaho and Roosevelt National Forests,1015SH,Alkali-feldspar-granite,MOFI,"Individual_photo,herbarium_vouchers,Bags,filled_out",,,,Sandy_Loam,,G228 Pinus ponderosa Southern Rocky Mountain Forest & Woodland Group,9,,1315,2.9,3689078,5.92446E-06,0.015039345,09/09/2025 17:03:40.196,cnhp_guest4,09/09/2025 21:27:19.897,cnhp_guest4
54,f6e1b4d7-2cd8-463c-87ca-49c846fb438a,20250520_40.72171357-105.59281086,CNHPY3.1,9/7/2025 21:39,20250907,no,,"Curtis_Drake,Blake_Granquist",Hillslope,,15,SE,SR,21005,21005,Canyon Lakes Ranger District,Arapaho and Roosevelt National Forests,1015SH,Gneiss,HEPU3,"Individual_photo,herbarium_vouchers,Bags,filled_out",,,,Sandy_Loam,,A3732 Amelanchier utahensis - Cercocarpus montanus - Cercocarpus intricatus Shrubland Alliance,3,"Post-fire ruderal community, no Amelanchier either",685,1.51,302033,4.35707E-06,0.009611579,09/09/2025 17:34:33.112,cnhp_guest4,09/09/2025 21:20:07.474,cnhp_guest4
55,ebfa3829-c78c-4f87-a418-e2e6ad2d4652,20250519_40.69622037-105.52623455,CNHPY3.1,9/8/2025 14:09,20250908,no,,"Curtis_Drake,Blake_Granquist",Flat,,0,Flat,SR,21005,21005,Canyon Lakes Ranger District,Arapaho and Roosevelt National Forests,1520SH,Migmatite,HEPU3,"Individual_photo,herbarium_vouchers,Bags,filled_out",,,,Sandy_Loam,,A3731 Purshia tridentata - Ribes cereum Shrubland Alliance,7,,2200,4.85,970034,1.25207E-05,0.02475679,09/09/2025 17:34:38.008,cnhp_guest4,09/09/2025 21:15:04.434,cnhp_guest4
56,1c464898-f270-4225-9869-38ac60d59331,20250827_39.52584873419255-105.73531488887966,CoNPS3.2,9/10/2025 16:00,20250910,no,,"Mele_Avery,Other",Hillslope,,8,S,SR,21211,21211,South Platte Ranger District,Pike and San Isabel National Forests,0510SH,Gravel,ARTRV,"Individual_photo,herbarium_vouchers,filled_out,Bags",,,,Sandy_Loam,,"Can't edit reference number but it should be conps3.2-008 not 7 
CEGL001533 - Artemisia tridentata ssp. vaseyana / Festuca idahoensis Shrub Grassland",4,Unclear based on codominant grass sp.,1410,3.11,0,3.92675E-07,0.003832641,09/11/2025 00:31:31.805,cnhp_guest4,10/21/2025 16:25:51.697,cnhp_guest4
57,f5b338f4-56a7-4f90-8152-3a3825d69d9d,20250827_39.606306119821966-105.72854859754443,CoNPS3.2,9/10/2025 14:22,20250910,no,,"Mele_Avery,Other",Hillslope,,6,S,SR,21007,21007,Clear Creek Ranger District,Arapaho and Roosevelt National Forests,0510HU,Unconsolidated,"EREL9, CAEB","herbarium_vouchers,Individual_photo,Bags,filled_out",,,,Silt_Loam,,CES306.829-Rocky Mountain Subalpine-Montane Mesic Meadow,3,Could be CEGL001887 but I recorded no DECE,82,0.18,0,6.97906E-07,0.005744516,09/11/2025 03:18:56.433,cnhp_guest4,10/31/2025 17:58:01.254,cnhp_guest4
58,c9c486e6-777e-42dd-873e-feaf5045e028,20250917_39.66985596-107.17329897,CNHPY3.1,9/17/2025 17:02,20250917,no,,Curtis_Drake,Plateau,,3,S,SR,21508,21508,Rifle Ranger District,White River National Forest,1015HU,Shale,ARTRV,"Individual_photo,herbarium_vouchers,filled_out,Bags",,,,Clay_Loam,,,,,4319,9.52,0,8.75148E-07,0.003767608,09/23/2025 00:25:30.614,cnhp_guest4,10/08/2025 21:28:46.019,cnhp_guest4
59,5a87a501-352f-4a8a-a8f0-9f191f2bf978,20250921_40.24754271-105.42281424,CNHPY3.1,9/21/2025 21:52,20250921,no,,"Curtis_Drake,Blake_Granquist",Drainage,,10,SE,SR,21005,21005,Canyon Lakes Ranger District,Arapaho and Roosevelt National Forests,1520SH,Alkali-feldspar-granite,MOFI,"Individual_photo,herbarium_vouchers,Bags,filled_out",,,,Sandy_Loam,,G229. Southern Rocky Mountain Ponderosa Pine Open Woodland,7,,1566,3.45,4393229,2.00913E-06,0.00986552,09/23/2025 00:25:32.665,cnhp_guest4,10/08/2025 21:25:48.701,cnhp_guest4
60,d794d264-4b73-469f-a4cc-2fbcf329f411,20250922_40.24058575-105.43449287,CNHPY3.1,9/22/2025 16:46,20250922,no,,"Curtis_Drake,Blake_Granquist,Other",Hills,,3,S,SR,21005,21005,Canyon Lakes Ranger District,Arapaho and Roosevelt National Forests,1520SH,Alkali-feldspar-granite,MOFI,"Individual_photo,herbarium_vouchers,Bags,filled_out",,,,Sandy_Loam,,G229. Southern Rocky Mountain Ponderosa Pine Open Woodland,7,,633,1.4,1775807,1.01887E-06,0.005537408,09/23/2025 00:25:34.553,cnhp_guest4,10/08/2025 21:25:51.128,cnhp_guest4
61,9e7c692b-178d-4f8c-8241-ae04b68bdccd,20250921_39.34513833839446-105.26946161873639,CoNPS3.2,9/22/2025 14:30,20250922,no,,"Mele_Avery,Maggie_Gaddis,Janet_Toenjes,Other",Drainage,,10,NE,SR,21211,21211,South Platte Ranger District,Pike and San Isabel National Forests,1015SH,Granite,"MOFI, PEVI4","Individual_photo,herbarium_vouchers,Bags,filled_out",,,,Sandy_Loam,,CEGL000424 Pseudotsuga menziesii/Arctostaphylos uva-ursi forest,9,,346,0.76,970662,3.83645E-06,0.010192722,09/23/2025 01:56:04.559,cnhp_guest4,10/31/2025 17:49:30.618,cnhp_guest4
62,b6023b37-f325-4a47-be9c-aab6890400b2,20250711_39.01817391-108.0766528,CoNPS3.2,9/27/2025 17:40,20250927,no,,"Mele_Avery,Other",Hills,,8,NE,SR,20402,20402,Grand Valley Ranger District,"Grand Mesa, Uncompahgre and Gunnison National Forests",0510VH,Basalt,CALE9,"Individual_photo,herbarium_vouchers,Bags,filled_out",,,,Sandy_Clay_Loam,,CEGL001599 DECE wet meadow,8,,27,0.06,0,6.91068E-07,0.003747694,09/28/2025 20:27:02.687,cnhp_guest4,10/30/2025 22:40:46.293,cnhp_guest4
63,6fc166b0-1440-495e-8555-97695720bb9e,20250711_39.03913957-108.16002037,CoNPS3.2,9/27/2025 15:56,20250927,no,,"Mele_Avery,Other",Plateau,,0,W,SR,20402,20402,Grand Valley Ranger District,"Grand Mesa, Uncompahgre and Gunnison National Forests",0510HU,Basalt,PERY,"Individual_photo,herbarium_vouchers,Bags,filled_out",,,,Loam,,CEGL000527 Populus tremuloides/Abies lasiocarpa/Juniperus communis forest,6,Really not sure on this one! Forb dominated meadow surrounded by POTR5 and ABLA,570,1.26,0,2.0916E-06,0.005910563,09/28/2025 20:33:03.254,cnhp_guest4,10/31/2025 17:50:55.688,cnhp_guest4
64,e9b7e8b7-a890-4e74-923b-48212e65f6d8,20250711_39.04063356-107.97833203,CoNPS3.2,9/27/2025 0:15,20250926,no,,Mele_Avery,Hillslope,,20,S,SR,20402,20402,Grand Valley Ranger District,"Grand Mesa, Uncompahgre and Gunnison National Forests",0510VH,Unconsolidated,ERSP4,"Individual_photo,herbarium_vouchers,Bags,filled_out",,,,Sandy_Loam,,G218 Rocky Mountain subalpine moist-mesic spruce-fir forest,4,Lower Alliances listed in Guide dont look quite right,9,0.02,31747,5.87697E-08,0.000981481,09/28/2025 20:37:12.432,cnhp_guest4,10/21/2025 18:10:10.347,cnhp_guest4
65,7ec7f1a7-aa4e-404d-9dd7-f32105a9f193,20250924_39.56026860047132-105.99554750137031,CoNPS3.2,9/24/2025 15:03,20250924,no,,"Mele_Avery,Other",Floodplain,,8,S,SR,21510,21510,Dillon Ranger District,White River National Forest,0510SH,Shale,ARAR8,"Individual_photo,herbarium_vouchers,Bags,filled_out",,,,Sandy_Loam,,CEGL001024 Artemisia tridentata ssp. vaseyana / Festuca thurberi Shrubland,9,FETH recorded as a dominant grass layer in 2024 survey,1807,3.98,0,3.94677E-06,0.012958522,09/28/2025 20:41:49.089,cnhp_guest4,10/30/2025 22:31:36.203,cnhp_guest4
66,37aa03ae-c8aa-4adf-95b4-5df6aaf1cd6b,20250924_39.837550674565136-106.3138597458601,CoNPS3.2,9/24/2025 22:02,20250924,no,,Mele_Avery,Hillslope,,15,SE,SR,21510,21510,Dillon Ranger District,White River National Forest,0005SH,Unconsolidated,PEST2,"Individual_photo,herbarium_vouchers,Bags,filled_out",,,,Sandy_Loam,,CEGL002820 Amelanchier utahensis/Artemisia tridentata vaseyana shrubland,7,,102,0.22,133124,1.08827E-06,0.011127833,09/28/2025 20:45:45.479,cnhp_guest4,10/21/2025 16:27:34.809,cnhp_guest4
67,5ea51ba3-dca7-45af-bc4c-63b8feb09750,20250925_39.83716-106.3156,CoNPS3.2,9/25/2025 14:12,20250925,no,,"Mele_Avery,Other",Depression,,2,S,SR,21510,21510,Dillon Ranger District,White River National Forest,0005SH,Unconsolidated,PEST2,"herbarium_vouchers,Individual_photo,Bags,filled_out",,,,Sandy_Loam,,CEGL000596 Populus tremuloides/Prunus virginiana forest,8,"Image whoteboard incorrect, should say collection no 01 and  conps3.2-014",25,0.06,55116,1.05365E-06,0.005866036,09/28/2025 20:50:20.602,cnhp_guest4,11/06/2025 17:45:40.029,cnhp_guest4
68,2e4310aa-dbc9-4b37-aa97-847603961544,20250925_39.83028268441558-106.32771955803037,CoNPS3.2,9/25/2025 15:49,20250925,no,,"Mele_Avery,Other",Hillslope,,5,E,SR,21510,21510,Dillon Ranger District,White River National Forest,0005SH,Migmatite,PERY,"Individual_photo,herbarium_vouchers,Bags,filled_out",,,,Silt_Loam,,CEGL001105 Dasiphora fruticosa wet meadow,4,"Land seems like previously cleared land once used for pasturage, shrubs and forbs dominate but is surrounded by Salix and aspens.",418,0.92,0,2.38729E-07,0.002232896,09/28/2025 20:54:45.207,cnhp_guest4,10/31/2025 17:57:22.542,cnhp_guest4
69,b2bb8d20-fdd1-48c3-a07e-aadf0197c7d6,20251001_40.05329273175448-105.45614261180162,CoNPS3.2,10/1/2025 15:15,20251001,no,,"Janet_Toenjes,Mele_Avery,Other",Hillslope,,10,N,SR,21001,21001,Boulder Ranger District,Arapaho and Roosevelt National Forests,1520SH,Migmatite,"ERUM, ERSP4, MOFI, PEVI3, PEST2, HEMU3","Individual_photo,herbarium_vouchers,Bags,filled_out",,,,Sandy_Loam,,CEGL000618 Populus tremuloides/tall forbs forest,7,"Slate numberibg wrong, all are collection nunber 01. Penstemons collected are virens and strictus",308,0.68,712975,5.33701E-06,0.009235712,10/02/2025 01:42:40.920,cnhp_guest4,10/31/2025 17:56:31.665,cnhp_guest4
70,58ef275c-25e0-4c5f-8b9b-d4016a5362c8,20250626_38.03656671-105.18800616,CoNPS3.2,10/8/2025 23:13,20251008,no,,Mele_Avery,Hillslope,,5,W,SR,21203,21203,San Carlos Ranger District,Pike and San Isabel National Forests,0510VH,Gneiss,DAPA2,"Individual_photo,herbarium_vouchers,Bags,filled_out",,,,Sandy_Clay_Loam,,G268 Southern Rocky Mountain Montane-Subalpine Grassland,6,,63,0.14,63001,6.657E-08,0.00123859,10/11/2025 23:12:01.742,cnhp_guest4,10/30/2025 22:32:57.109,cnhp_guest4
71,774f8817-5b3d-4dc7-b019-d167420c131d,20250627_38.00164825-105.05739515,CoNPS3.2,10/9/2025 20:23,20251009,no,,Mele_Avery,Drainage,,12,W,SR,21203,21203,San Carlos Ranger District,Pike and San Isabel National Forests,1015HU,Alkali-feldspar-granite,PEGL3,"Individual_photo,herbarium_vouchers,Bags,filled_out",,,,Sandy_Loam,,CEGL000859 Pinus ponderosa / Juniperus communis Woodland,6,"Common juniper present on margins, not listed in pre-collection veg survey",46,0.1,0,3.81353E-07,0.003666679,10/11/2025 23:13:21.337,cnhp_guest4,10/31/2025 17:57:06.179,cnhp_guest4
72,d42fd1b9-72d8-416c-867c-346910890513,20250627_38.01724232-105.16664104,CoNPS3.2,10/11/2025 15:47,20251011,no,,"Mele_Avery,Other",Hillslope,,5,S,SR,21203,21203,San Carlos Ranger District,Pike and San Isabel National Forests,0510HU,Gneiss,"DAPA2, GETR, ERGL5","Individual_photo,herbarium_vouchers,Bags",,,,Sandy_Loam,,G268 Southern Rocky Mountain Montane-Subalpine Grassland,6,,206,0.45,726644,3.7249E-06,0.007664792,10/11/2025 23:15:05.691,cnhp_guest4,10/30/2025 22:37:48.628,cnhp_guest4
73,4b78e9af-0123-462c-b02f-ee204fdf5109,20251016_37.13571337983012-103.00915569998324,CoNPS3.2,10/16/2025 23:46,20251016,no,,Mele_Avery,Arroyo,,10,NE,ST,21206,21206,Comanche Ranger District,Pike and San Isabel National Forests,1520SA,Sandstone,PEAL2,"Individual_photo,herbarium_vouchers,Bags,filled_out",,,,Sandy_Loam,,CEGL001594 Schizachyrium scoparium - Bouteloua curtipendula Western Great Plains Grassland,8,,61,0.13,25821,2.83568E-06,0.006367983,10/19/2025 18:00:25.189,cnhp_guest4,10/21/2025 18:36:43.681,cnhp_guest4
74,c802482c-badf-4201-bacf-9ff6b4f731e0,20251016_37.136878464370966-103.01558973267674,CoNPS3.2,10/18/2025 15:17,20251018,no,,"Curtis_Drake,Blake_Granquist,Mele_Avery,Other",Arroyo,,5,E,ST,21206,21206,Comanche Ranger District,Pike and San Isabel National Forests,1520SA,Sandstone,"SCSC, BOCU","Individual_photo,herbarium_vouchers,Bags,filled_out",,,,Sandy_Loam,,CEGL001594 Schizachyrium scoparium - Bouteloua curtipendula Western Great Plains Grassland,8,,1732,3.82,992786,5.62565E-06,0.010407928,10/20/2025 02:23:20.468,cnhp_guest4,10/21/2025 18:36:40.061,cnhp_guest4
75,b8b45085-4345-4938-9878-c3a67d16306c,20251017_37.14814336504787-102.99656180664897,CoNPS3.2,10/18/2025 17:40,20251018,no,,"Blake_Granquist,Curtis_Drake,Mele_Avery,Other",Hillslope,,10,N,ST,21206,21206,Comanche Ranger District,Pike and San Isabel National Forests,1520SA,Sandstone,"SCSC, LIPU, BOCU","Individual_photo,herbarium_vouchers,Bags,filled_out",,,,Sandy_Loam,,CEGL001594 Schizachyrium scoparium - Bouteloua curtipendula Western Great Plains Grassland,8,,231,0.51,132410,6.15544E-06,0.01044611,10/20/2025 02:23:24.389,cnhp_guest4,10/21/2025 19:24:23.327,cnhp_guest4
76,1c092477-aa1a-4b31-9343-d21f7960062f,20251018_37.10383797-101.93837654,CNHPY3.1,10/19/2025 13:08,20251019,no,,"Curtis_Drake,Blake_Granquist",Plateau,,10,Flat,ST,21207,21207,Cimarron Ranger District,Pike and San Isabel National Forests,1520SA,Gravel,SCSC,"Individual_photo,herbarium_vouchers,Bags,filled_out",,,,Loam,,,,,2320,5.11,1329828,2.00162E-06,0.010178146,10/20/2025 19:24:23.823,cnhp_guest4,10/20/2025 19:48:55.227,cnhp_guest4
77,6e204c5b-f7f7-4130-9db8-3ce817b299f2,20251015_37.17641071-103.61360611,CNHPY3.1,10/15/2025 17:17,20251015,no,,"Curtis_Drake,Blake_Granquist",Hillslope,,4,N,ST,21206,21206,Comanche Ranger District,Pike and San Isabel National Forests,1520SH,Shale,LIPU,Individual_photo,,,,Loam,,,,,3490,7.69,1061790,7.0094E-06,0.011803265,10/20/2025 19:27:01.608,cnhp_guest4,10/20/2025 19:47:07.250,cnhp_guest4
78,9a4f0012-213b-47fe-a213-217e9276e5ef,20251016_37.66888169-103.83693113,CNHPY3.1,10/16/2025 15:47,20251016,no,,"Curtis_Drake,Blake_Granquist",Flat,,1,NE,ST,21206,21206,Comanche Ranger District,Pike and San Isabel National Forests,1520SA,Shale,BOCU,"Individual_photo,herbarium_vouchers,Bags,filled_out",,,,Silt_Loam,,,,,1280,2.82,538986,1.58053E-05,0.026252033,10/20/2025 19:27:02.952,cnhp_guest4,10/20/2025 19:44:22.203,cnhp_guest4
79,277dd1d5-3d7b-48cc-8b67-b5b6d5611397,20251017_37.12163332-103.00815493,CNHPY3.1,10/17/2025 16:50,20251017,no,,"Curtis_Drake,Blake_Granquist",Depression,,2,SW,ST,21206,21206,Comanche Ranger District,Pike and San Isabel National Forests,1520SA,Sandstone,SCSC,Individual_photo,,,,Sandy_Loam,,,,,3770,8.31,2160971,1.3806E-06,0.008575988,10/20/2025 19:27:04.380,cnhp_guest4,10/20/2025 19:42:12.525,cnhp_guest4
80,a680d675-4df9-475a-a758-2440bccf82d9,20251017_37.10781707-103.01355333,CNHPY3.1,10/17/2025 20:40,20251017,no,,"Curtis_Drake,Blake_Granquist",Hills,,10,W,ST,21206,21206,Comanche Ranger District,Pike and San Isabel National Forests,1520SA,Sandstone,SCSC,"Individual_photo,herbarium_vouchers,Bags,filled_out",,,,Sandy_Loam,,,,,5750,12.68,2774297,1.68252E-06,0.010133885,10/20/2025 19:27:05.813,cnhp_guest4,10/20/2025 19:39:53.366,cnhp_guest4
81,491ebd59-6c13-4757-86aa-43fea7dc7403,20251020_38.7409431-104.89538307,CNHPY3.1,10/20/2025 13:13,20251020,no,,"Curtis_Drake,Blake_Granquist",Hillslope,,35,NE,SR,21209,21209,Pikes Peak Ranger District,Pike and San Isabel National Forests,1015SH,Granite,PEGL3,"Individual_photo,herbarium_vouchers,Bags,filled_out",,,,Sandy_Loam,,,,,75,0.17,0,7.80249E-08,0.00178893,10/20/2025 19:27:07.467,cnhp_guest4,10/31/2025 17:57:41.540,cnhp_guest4
