id,institutio,collection,ownerInsti,basisOfRec,occurrence,catalogNum,otherCatal,higherClas,kingdom,phylum,class,order_,family,scientific,taxonID,scientif_1,genus,subgenus,specificEp,verbatimTa,infraspeci,cultivarEp,tradeName,taxonRank,identified,dateIdenti,identifica,identifi_1,taxonRemar,identifi_2,typeStatus,recordedBy,associated,recordNumb,eventDate,eventDate2,year,month,day,startDayOf,endDayOfYe,verbatimEv,occurren_1,habitat,substrate,verbatimAt,behavior,vitality,fieldNumbe,eventID,informatio,dataGenera,dynamicPro,associat_1,associat_2,reproducti,establishm,cultivatio,lifeStage,sex,individual,samplingPr,preparatio,locationID,continent,waterBody,islandGrou,island,country,countryCod,stateProvi,county,municipali,locality,locationRe,recordSecu,securityRe,decimalLat,decimalLon,geodeticDa,coordinate,verbatimCo,georeferen,georefer_1,georefer_2,georefer_3,georefer_4,minimumEle,maximumEle,minimumDep,maximumDep,verbatimDe,verbatimEl,dispositio,language,recordEnte,modified,sourcePrim,collID,recordID,references
3439220,USU,UTC, ,PreservedSpecimen,6c7e331f-d06d-465b-ae3e-ac7e43feca52,UTC00265899, ,Plantae|Spermatophyta|Tracheophyta|Magnoliophyta|Eudicots|Core Eudicots|Campanulids|Asterids|Asterales|Asteraceae|Erigeron,Plantae,Magnoliophyta, ,Asterales,Asteraceae,Erigeron speciosus,231,(Lindl.) DC.,Erigeron, ,speciosus, , , , ,Species,Assumed to be the collector,Assumed to be year collected, , , , , ,David Rosenthal, ,146,1996-07-27, ,1996,7,27,209,0, , ,Stream bottom and rocky volcanic slopes., , , , , , , , , , ,Picea,Fruit, ,0, , ,0, , , , , , , ,United States,US,Wyoming,Park, ,Northern Absaroka Area: Shoshone National Forest: Clearwater Creek drainage., ,0, ,44.505299999999998,-109.704599999999999, ,0, , , , , , ,2134,2377, , , ,7000-7800 ft, , ,sbaldwin,4/23/2025 0:00:00, ,16,6c7e331f-d06d-465b-ae3e-ac7e43feca52,https://swbiodiversity.org/seinet/collections/individual/index.php?occid=3439220
10760542,MO, ,MOBOT,PreservedSpecimen,urn:catalog:MO:Tropicos:2370027,2370027, ,Plantae|Spermatophyta|Tracheophyta|Magnoliophyta|Eudicots|Core Eudicots|Campanulids|Asterids|Asterales|Asteraceae|Erigeron,Plantae,Magnoliophyta, ,Asterales,Asteraceae,Erigeron speciosus,231,(Lindl.) DC.,Erigeron, ,speciosus, , , , ,Species,G. Nesom,2003, , , , , ,Robert M. King,Robert M. Garvey,12249,2002-07-26, ,2002,7,26,207,0,2002-7-26, , , , , , , , , , , , , , , ,0, , ,0, , , , , , , ,United States,US,Wyoming,Park, ,"Shoshone National Forest. Pilot Index Overlook, ca. 20 mi E of Cooke City.", ,0, ,44.933050000000001,-109.639160000000004, ,0, , , , , , ,2678,0, , , , , , , ,6/25/2009 0:00:00,urn:catalog:MO:Tropicos:2370027,157,4b92939c-a360-419b-b06b-915579905311,https://swbiodiversity.org/seinet/collections/individual/index.php?occid=10760542
16146597,IND, , ,PreservedSpecimen,275a8120-da3c-4ed5-b3a1-e49642c95190,IND-0125696,50759,Plantae|Spermatophyta|Tracheophyta|Magnoliophyta|Eudicots|Core Eudicots|Campanulids|Asterids|Asterales|Asteraceae|Erigeron,Plantae,Magnoliophyta, ,Asterales,Asteraceae,Erigeron speciosus,231,(Lindl.) DC.,Erigeron, ,speciosus, , , , ,Species, , , , , , , ,Harry Hapeman, ,s.n.,1906-08-00, ,1906,8,0,0,0,Aug. 1906, , , , , , , , , , , , , , , ,0, , ,0, , , , , , , ,United States,US,Wyoming,Park, ,Shoshone Mountains [Absaroka Range], ,0, ,43.957898000000000,-109.510142000000002, ,5600, ,magdrake (2019-01-25 13:17:45), ,georef batch tool 2019-01-25; GeoLocate,reviewed - high confidence, ,0,0, , , , , ,en,mcvincen,6/28/2025 0:00:00, ,278,275a8120-da3c-4ed5-b3a1-e49642c95190,https://swbiodiversity.org/seinet/collections/individual/index.php?occid=16146597
19918154,ASC, , ,PreservedSpecimen,1790a3ca-8350-4a79-8a2b-4fbfda1047ba,ASC00026700, ,Plantae|Spermatophyta|Tracheophyta|Magnoliophyta|Eudicots|Core Eudicots|Campanulids|Asterids|Asterales|Asteraceae|Erigeron,Plantae,Magnoliophyta, ,Asterales,Asteraceae,Erigeron speciosus,231,(Lindl.) DC.,Erigeron, ,speciosus, , , , ,Species,G. Rink,Nov 2021, , , , , ,N. Meidinger, ,s.n.,1966-08-18, ,1966,8,18,230,0, , ,"Mountain meadow, open rocky soil", , , , , , , , , , , , , ,0, , ,0, , , , , , , ,United States,US,Wyoming,Park, ,Beartooth Mountains, ,0, ,44.943210000000001,-109.578829999999996, ,0, ,gag42 (2022-01-25 12:04:08), ,georef batch tool 2022-01-25; GeoLocate,reviewed - high confidence,"Location from Google Earth for 9,200 ft elevation along Hwy 212",2804,0, , , ,9200ft, ,en,ajh486,4/23/2025 0:00:00, ,3,1790a3ca-8350-4a79-8a2b-4fbfda1047ba,https://swbiodiversity.org/seinet/collections/individual/index.php?occid=19918154
21740198,USFS/BHSC,BHSC,BHSC,PreservedSpecimen,552fcea8-9359-48d6-a5a0-4325ecb364e8,BHSC0054757, ,Plantae|Spermatophyta|Tracheophyta|Magnoliophyta|Eudicots|Core Eudicots|Campanulids|Asterids|Asterales|Asteraceae|Erigeron,Plantae,Magnoliophyta, ,Asterales,Asteraceae,Erigeron speciosus,231,(Lindl.) DC.,Erigeron, ,speciosus, , , , ,Species, , , , , , , ,"Ecological Solutions Group, LLC", ,3538,2011-08-20, ,2011,8,20,232,0,08/20/2011, ,Open field next to highway, , , , , , , , , , , ,flowering, ,0, , ,0, , , , , , , ,United States,US,South Dakota,Lawrence, ,Ca. 6 road miles southwest of Cheyenne Crossing on US Highway 85,T3N R2E S6 SW1/4 NE1/4,0, ,44.230693000000002,-103.930176000000003,WGS84,301,585913.00E 4900399.00N,Grace.Kostel@bhsu.edu (2022-01-27 11:09:31),SoRo Project; GeoReferencing Best Practices,georef batch tool 2022-01-27; GeoLocate,reviewed - high confidence,Location set to stated distance southwest of Cheyenne Crossing along Highway 85,0,0, , , ,5766, , , ,6/28/2025 0:00:00, ,132,552fcea8-9359-48d6-a5a0-4325ecb364e8,https://swbiodiversity.org/seinet/collections/individual/index.php?occid=21740198
21775188,USFS/BHSC,BHSC,BHSC,PreservedSpecimen,8250cffb-ecd3-4b28-ab44-9493bc2743e8,BHSC0048235, ,Plantae|Spermatophyta|Tracheophyta|Magnoliophyta|Eudicots|Core Eudicots|Campanulids|Asterids|Asterales|Asteraceae|Erigeron,Plantae,Magnoliophyta, ,Asterales,Asteraceae,Erigeron speciosus,231,(Lindl.) DC.,Erigeron, ,speciosus, , , , ,Species, , , , , , , ,"Ecological Solutions Group, LLC", ,1911,2009-09-10, ,2009,9,10,253,0,09/10/2009, ,Open area along creek riparian zone, , , , , , , , , , , ,flowering, ,0, , ,0, , , , , , , ,United States,US,South Dakota,Lawrence, ,"Spearfish Canyon area, along Spearfish Creek near picnic area along U.S. Highway 85 ca. 3.7 road miles southwest of Cheyenne Crossing",T4N R2E S31 NE1/4 SE1/4,0, ,44.263478999999997,-103.918797999999995,NAD83,0,44.2634786000§ -103.9187982000§ ; 13 586300.00E 4901706.00N, ,SoRo Project; GeoReference Best Practices,GeoLocate, , ,0,0, , , ,5604, , , ,6/28/2025 0:00:00, ,132,8250cffb-ecd3-4b28-ab44-9493bc2743e8,https://swbiodiversity.org/seinet/collections/individual/index.php?occid=21775188
22737957,KANU, , ,PreservedSpecimen,38248b3a-0137-4d23-b693-f7c6f065b284,131511, ,Plantae|Spermatophyta|Tracheophyta|Magnoliophyta|Eudicots|Core Eudicots|Campanulids|Asterids|Asterales|Asteraceae|Erigeron,Plantae,Magnoliophyta, ,Asterales,Asteraceae,Erigeron speciosus,231,(Lindl.) DC.,Erigeron, ,speciosus, , , , ,Species,Craig C Freeman, , , , , , ,Lawrence K Magrath, ,6950,1971-08-17, ,1971,8,17,229,0,1971-8-17,Abundant along roadside; flower color: lavender-purple & yellow.,Pine-birch woods along stream; duff & mull., , , , , , , , , , , , , ,0, , ,0, , , ,North America, , , ,United States,US,South Dakota,Custer, ,"Custer, 3.7 mi N on SD 89", ,0, ,43.819251999999999,-103.588678000000002,WGS84,2609, ,Craig C Freeman,online gazetteer,GEOLocate, ,2018-12-12,0,0, , , , , , , ,12/12/2018 0:00:00,38248b3a-0137-4d23-b693-f7c6f065b284,455,af2a6ebf-d1f4-4c1d-aca3-b708ed5becb5,https://swbiodiversity.org/seinet/collections/individual/index.php?occid=22737957
23549193,USFS/BHSC,BHSC,BHSC,PreservedSpecimen,0d2e1926-9413-46ea-855d-0ed45480e7a6,BHSC0057324, ,Plantae|Spermatophyta|Tracheophyta|Magnoliophyta|Eudicots|Core Eudicots|Campanulids|Asterids|Asterales|Asteraceae|Erigeron,Plantae,Magnoliophyta, ,Asterales,Asteraceae,Erigeron speciosus,231,(Lindl.) DC.,Erigeron, ,speciosus, , , , ,Species, , , , , , , ,"Mayer, Cheryl", ,701,2006-08-21, ,2006,8,21,233,0,08/21/2006, ,"Open, Carex spp. dominated wetland bottom; creek flows in two channels in this area", , , , , , , , , , , ,flowering, ,0, , ,0, , , , , , , ,United States,US,South Dakota,Lawrence, ,"Black Fox Botanical Area, Rapid Creek riparian area toward east end of botanical area",T2N R2E S12 SE1/4 SW1/4 NE1/4,0, ,44.148066999999998,-103.821400999999994,NAD83,0,44.1480669000§ -103.8214012000§ ; 13 594258.00E 4888994.00N, ,SoRo Project; GeoReference Best Practices,GeoLocate, , ,0,0, , , ,5740, , , ,6/28/2025 0:00:00, ,132,0d2e1926-9413-46ea-855d-0ed45480e7a6,https://swbiodiversity.org/seinet/collections/individual/index.php?occid=23549193
23866077,USFS/BHSC,BHSC,BHSC,PreservedSpecimen,f01b3ad7-5864-443d-97ac-e410829213de,BHSC0048280, ,Plantae|Spermatophyta|Tracheophyta|Magnoliophyta|Eudicots|Core Eudicots|Campanulids|Asterids|Asterales|Asteraceae|Erigeron,Plantae,Magnoliophyta, ,Asterales,Asteraceae,Erigeron speciosus,231,(Lindl.) DC.,Erigeron, ,speciosus, , , , ,Species, , , , , , , ,"Ecological Solutions Group, LLC", ,2602,2010-08-13, ,2010,8,13,225,0,08/13/2010, ,South facing Pinus ponderosa and Populus tremuloides forest slope, , , , , , , , , , , ,flowering, ,0, , ,0, , , , , , , ,United States,US,Wyoming,Crook, ,Dry gulch entering Sand Creek from east ca. 1 mile downstream of confluence of Spottedtail Gulch and Mallory Gulch,T51N R60W S20 NW1/4 NE1/4,0, ,44.383640000000000,-104.064899999999994,NAD83,0,44.3836400000§ -104.0649000000§ ; 13 573082.00E 4916664.00N, ,SoRo Project; GeoReference Best Practices,GeoLocate, , ,0,0, , , ,5536, , , ,6/28/2025 0:00:00, ,132,f01b3ad7-5864-443d-97ac-e410829213de,https://swbiodiversity.org/seinet/collections/individual/index.php?occid=23866077
24438880,CSCN, , ,PreservedSpecimen,5e94aefd-3009-41fd-9a87-cec15ff141c9,CSCN-V-0009660,07706,Plantae|Spermatophyta|Tracheophyta|Magnoliophyta|Eudicots|Core Eudicots|Campanulids|Asterids|Asterales|Asteraceae|Erigeron,Plantae,Magnoliophyta, ,Asterales,Asteraceae,Erigeron speciosus,231,(Lindl.) DC.,Erigeron, ,speciosus, , , , ,Species,Steven B. Rolfsmeier,1996, , , , , ,Steven B. Rolfsmeier,Teresa J. Biegger,12920,1996-08-26, ,1996,8,26,239,0,26 August 1996,Frequent,"on slopes of rocky, open pine woods", , , , , , , , , , ,Aster ciliolatus,Flr/Frt, ,0, , ,0, , , , , , , ,United States,US,South Dakota,Pennington, ,"N of parking area at Jenney Gulch, S side of Pactola Reservoir", ,0, ,44.089168500000000,-103.543052700000004,WGS84,30,TRS: T2N R5E sec 32 SW1/4 SPNE,Elijah Huntington,SoRo; BioGeomancer Best Practices,GEOLocate, ,"Accepted given coordinates, uncertainty due to potential GPA error, Georeferenced 2022-2-1",1417,0, , , ,ca 4650 ft, , , ,4/23/2025 0:00:00, ,163,5e94aefd-3009-41fd-9a87-cec15ff141c9,https://swbiodiversity.org/seinet/collections/individual/index.php?occid=24438880
24468423,USFS/BHSC,BHSC,BHSC,PreservedSpecimen,d9756afe-a400-4c4c-bba9-9ca1098dc1be,BHSC0061548, ,Plantae|Spermatophyta|Tracheophyta|Magnoliophyta|Eudicots|Core Eudicots|Campanulids|Asterids|Asterales|Asteraceae|Erigeron,Plantae,Magnoliophyta, ,Asterales,Asteraceae,Erigeron speciosus,231,(Lindl.) DC.,Erigeron, ,speciosus, , , , ,Species, , , , , , , ,"Ecological Solutions Group, LLC", ,2910,2010-08-17, ,2010,8,17,229,0,08/17/2010, ,"Shaded, upper bank; moist Beaver Creek riparian area under Betula papyrifera and Corylus cornuta", , , , , , , , , , , ,flowering, ,0, , ,0, , , , , , , ,United States,US,South Dakota,Lawrence, ,"Bear/Beaver Gulches Botanical, along Beaver Creek ca. 2 river miles south of where creek first flows north out of botanical area; ca. 8.1 air miles west of Spearfish",T6N R1E S20 SW1/4 SE1/4,0, ,44.460959000000003,-104.020803000000001,NAD83,0,44.4609594000° -104.0208025000° ; 13 577896.00E 4923539.00N, ,SoRo Project; GeoReference Best Practices,GeoLocate, , ,0,0, , , ,4448, , , ,6/28/2025 0:00:00, ,132,d9756afe-a400-4c4c-bba9-9ca1098dc1be,https://swbiodiversity.org/seinet/collections/individual/index.php?occid=24468423
26967639,BHSC,BHSC,BHSC,PreservedSpecimen,2b0c2c40-de1e-4ef1-99a5-f89361899340,BHSC0009352, ,Plantae|Spermatophyta|Tracheophyta|Magnoliophyta|Eudicots|Core Eudicots|Campanulids|Asterids|Asterales|Asteraceae|Erigeron,Plantae,Magnoliophyta, ,Asterales,Asteraceae,Erigeron speciosus,231,(Lindl.) DC.,Erigeron, ,speciosus, , , , ,Species,G.M. Kostel,May 2007, , , , , ,"Helmer, Karen M.", ,144,1978-08-06, ,1978,8,6,218,0,6 Aug 1978, ,"Rocky, shady hill", , , , , , , , , , , ,flowering, ,0, , ,0, , , , , , , ,United States,US,South Dakota,Lawrence, ,Northern Shore of Roubaix Lake, ,0, ,44.199202999999997,-103.661563999999998,WGS84,85,44.1982800000° -103.6604900000°,gmk,SoRo Project; GeoReference Best Practices,GeoLocate, ,Location set to area at north side of lake; 11/04/2020,0,0, , , , , , , ,4/23/2025 0:00:00, ,132,2b0c2c40-de1e-4ef1-99a5-f89361899340,https://swbiodiversity.org/seinet/collections/individual/index.php?occid=26967639
26967640,BHSC,BHSC,BHSC,PreservedSpecimen,1900956d-3d8a-42bc-aed7-364f48bf787d,BHSC0009353, ,Plantae|Spermatophyta|Tracheophyta|Magnoliophyta|Eudicots|Core Eudicots|Campanulids|Asterids|Asterales|Asteraceae|Erigeron,Plantae,Magnoliophyta, ,Asterales,Asteraceae,Erigeron speciosus,231,(Lindl.) DC.,Erigeron, ,speciosus, , , , ,Species,G.M. Kostel,May 2007, , , , , ,"Helmer, Karen M.", ,144,1978-08-06, ,1978,8,6,218,0,06 Aug 1978, ,"Rocky, shady hill", , , , , , , , , , , ,fruiting, ,0, , ,0, , , , , , , ,United States,US,South Dakota,Lawrence, ,North shore of Roubaix Lake, ,0, ,44.199049000000002,-103.661242000000001,WGS84,56,44.1982800000° -103.6604900000°,gmk,SoRo Project; GeoReference Best Practices,GeoLocate, ,Location set to area north of lake; 11/04/2020,0,0, , , , , , , ,4/23/2025 0:00:00, ,132,1900956d-3d8a-42bc-aed7-364f48bf787d,https://swbiodiversity.org/seinet/collections/individual/index.php?occid=26967640
26967651,BHSC,BHSC,BHSC,PreservedSpecimen,d6eb28c9-e6f5-4889-8362-58e850b1f87e,BHSC0011186, ,Plantae|Spermatophyta|Tracheophyta|Magnoliophyta|Eudicots|Core Eudicots|Campanulids|Asterids|Asterales|Asteraceae|Erigeron,Plantae,Magnoliophyta, ,Asterales,Asteraceae,Erigeron speciosus,231,(Lindl.) DC.,Erigeron, ,speciosus, , , , ,Species,G.M. Kostel,May 2007, , , , , ,"Blair, Ronald", ,17,1982-09-20, ,1982,9,20,263,0,20 Sep 1982, ,Open field near forest; full sun, , , , , , , , , , , ,fruiting, ,0, , ,0, , , , , , , ,United States,US,South Dakota,Lawrence, ,T6N R2E S29; Big Hill, ,0, ,44.452680000000001,-103.899929999999998, ,0,44.4526800000° -103.8999300000°, ,SoRo Project; GeoReference Best Practices,GeoLocate, , ,0,0, , , , , , , ,4/23/2025 0:00:00, ,132,d6eb28c9-e6f5-4889-8362-58e850b1f87e,https://swbiodiversity.org/seinet/collections/individual/index.php?occid=26967651
26967663,BHSC,BHSC,BHSC,PreservedSpecimen,1db85273-fde8-4fcf-8a0c-8419e56741fc,BHSC0012955, ,Plantae|Spermatophyta|Tracheophyta|Magnoliophyta|Eudicots|Core Eudicots|Campanulids|Asterids|Asterales|Asteraceae|Erigeron,Plantae,Magnoliophyta, ,Asterales,Asteraceae,Erigeron speciosus,231,(Lindl.) DC.,Erigeron, ,speciosus, , , , ,Species, , , , , , , ,"Sears, Travis", ,18,1984-09-04, ,1984,9,4,248,0,04 Sep 1984, ,"Dry, black loam soil in full sun of meadow", , , , , , , , , , , ,flowering, ,0, , ,0, , , , , , , ,United States,US,South Dakota,Lawrence, ,T3N R2E S7; ca. 5 air miles south of Cheyenne Crossing, ,0, ,44.234870000000001,-103.925210000000007, ,0,44.2348700000° -103.9252100000°, ,SoRo Project; GeoReference Best Practices,GeoLocate, , ,0,0, , , , , , , ,4/23/2025 0:00:00, ,132,1db85273-fde8-4fcf-8a0c-8419e56741fc,https://swbiodiversity.org/seinet/collections/individual/index.php?occid=26967663
26967664,BHSC,BHSC,BHSC,PreservedSpecimen,64564a03-7e7d-45cb-b366-bdec890b1f56,BHSC0013311, ,Plantae|Spermatophyta|Tracheophyta|Magnoliophyta|Eudicots|Core Eudicots|Campanulids|Asterids|Asterales|Asteraceae|Erigeron,Plantae,Magnoliophyta, ,Asterales,Asteraceae,Erigeron speciosus,231,(Lindl.) DC.,Erigeron, ,speciosus, , , , ,Species, , , , , , , ,"Omdahl, Randall", ,6,1984-09-11, ,1984,9,11,255,0,11 Sep 1984, ,Dry area of hillside with east aspect in pine forest; 75 percent exposure, , , , , , , , , , , ,fruit and flower, ,0, , ,0, , , , , , , ,United States,US,South Dakota,Lawrence, ,"T4N R2E S35 SE1/4; ca. 0.25 air miles south of Hanna, west of road, above cabin", ,0, ,44.260289999999998,-103.846119999999999, ,0,44.2602900000° -103.8461200000°, ,SoRo Project; GeoReference Best Practices,GeoLocate, , ,0,0, , , , , , , ,6/28/2025 0:00:00, ,132,64564a03-7e7d-45cb-b366-bdec890b1f56,https://swbiodiversity.org/seinet/collections/individual/index.php?occid=26967664
26967717,BHSC,BHSC,BHSC,PreservedSpecimen,27e882a0-9c89-4885-884e-6b5145391f48,BHSC0017254, ,Plantae|Spermatophyta|Tracheophyta|Magnoliophyta|Eudicots|Core Eudicots|Campanulids|Asterids|Asterales|Asteraceae|Erigeron,Plantae,Magnoliophyta, ,Asterales,Asteraceae,Erigeron speciosus,231,(Lindl.) DC.,Erigeron, ,speciosus, , , , ,Species,G.M. Kostel,May 2007, , , , , ,"Heinrich, Allen", ,48,1990-08-24, ,1990,8,24,236,0,24 Aug 1990, ,"Roadside; dry, hard soil; sunny", , , , , , , , , , , ,fruit and flower, ,0, , ,0, , , , , , , ,United States,US,South Dakota,Lawrence, ,Ca. 5 air miles southwest of of Spearfish at Higgins Gulch; T5N R1E S26 SW1/4, ,0, ,44.366379999999999,-103.960419999999999, ,0,44.3663800000° -103.9604200000°, ,SoRo Project; GeoReference Best Practices,GeoLocate, , ,0,0, , , , , , , ,4/23/2025 0:00:00, ,132,27e882a0-9c89-4885-884e-6b5145391f48,https://swbiodiversity.org/seinet/collections/individual/index.php?occid=26967717
26967721,BHSC,BHSC,BHSC,PreservedSpecimen,9e309f17-2321-484d-9495-065f56fbaddf,BHSC0017712, ,Plantae|Spermatophyta|Tracheophyta|Magnoliophyta|Eudicots|Core Eudicots|Campanulids|Asterids|Asterales|Asteraceae|Erigeron,Plantae,Magnoliophyta, ,Asterales,Asteraceae,Erigeron speciosus,231,(Lindl.) DC.,Erigeron, ,speciosus, , , , ,Species,M.L. Kravig, , , , , , ,"Bennett, Frank L.", ,s. n.,1938-07-24, ,1938,7,24,205,0,24 Jul 1938, ,Open pine, , , , , , , , , , , ,flowering, ,0, , ,0, , , , , , , ,United States,US,Wyoming,Crook, ,Northern Black Hills; Cement Ridge; T50N R60W S5, ,0, ,44.349319999999999,-104.083070000000006, ,0,44.3493200000° -104.0830700000°, ,SoRo Project; GeoReference Best Practices,GeoLocate, , ,0,0, , , ,6300, , , ,4/23/2025 0:00:00, ,132,9e309f17-2321-484d-9495-065f56fbaddf,https://swbiodiversity.org/seinet/collections/individual/index.php?occid=26967721
26967722,BHSC,BHSC,BHSC,PreservedSpecimen,8c06312a-5990-45d8-ad87-3cb6e95c78e7,BHSC0017713, ,Plantae|Spermatophyta|Tracheophyta|Magnoliophyta|Eudicots|Core Eudicots|Campanulids|Asterids|Asterales|Asteraceae|Erigeron,Plantae,Magnoliophyta, ,Asterales,Asteraceae,Erigeron speciosus,231,(Lindl.) DC.,Erigeron, ,speciosus, , , , ,Species,M.L. Kravig, , , , , , ,"Bennett, Frank L.", ,s. n.,1938-07-24, ,1938,7,24,205,0,24 Jul 1938, ,Open pine, , , , , , , , , , , ,flowering, ,0, , ,0, , , , , , , ,United States,US,Wyoming,Crook, ,Northern Black Hills; Cement Ridge; T50N R60W S5, ,0, ,44.349319999999999,-104.083070000000006, ,0,44.3493200000° -104.0830700000°, ,SoRo Project; GeoReference Best Practices,GeoLocate, , ,0,0, , , ,6300, , , ,4/23/2025 0:00:00, ,132,8c06312a-5990-45d8-ad87-3cb6e95c78e7,https://swbiodiversity.org/seinet/collections/individual/index.php?occid=26967722
26967755,BHSC,BHSC,BHSC,PreservedSpecimen,c8835be4-ee8c-4acb-92b9-82a789a811e3,BHSC0032690, ,Plantae|Spermatophyta|Tracheophyta|Magnoliophyta|Eudicots|Core Eudicots|Campanulids|Asterids|Asterales|Asteraceae|Erigeron,Plantae,Magnoliophyta, ,Asterales,Asteraceae,Erigeron speciosus,231,(Lindl.) DC.,Erigeron, ,speciosus, , , , ,Species, , , , , , , ,"Lancaster, Julie", ,149,2003-07-24, ,2003,7,24,205,0,24 Jul 2003,Rays purple; flowers with very light fragrance,Low ground near creek, , , , , , , , , , , ,flowering, ,0, , ,0, , , , , , , ,United States,US,South Dakota,Lawrence, ,"T5N R2E S19; Spearfish Creek, Long Valley Picnic area ca. 8 miles south and 2.75 miles west of the Black Hills National Forest boundary", ,0, ,44.380839999999999,-103.920379999999994, ,0,44.3808400000° -103.9203800000°, ,SoRo Project; GeoReference Best Practices,GeoLocate, , ,0,0, , , ,4760, , , ,6/28/2025 0:00:00, ,132,c8835be4-ee8c-4acb-92b9-82a789a811e3,https://swbiodiversity.org/seinet/collections/individual/index.php?occid=26967755
26967761,BHSC,BHSC,BHSC,PreservedSpecimen,e965d404-e2dc-4193-8be3-b80374bbe31f,BHSC0040152, ,Plantae|Spermatophyta|Tracheophyta|Magnoliophyta|Eudicots|Core Eudicots|Campanulids|Asterids|Asterales|Asteraceae|Erigeron,Plantae,Magnoliophyta, ,Asterales,Asteraceae,Erigeron speciosus,231,(Lindl.) DC.,Erigeron, ,speciosus, , , , ,Species,G.M. Kostel,May 2007, , , , , ,"Rogers, Dilwyn J.", ,s. n.,1970-08-06, ,1970,8,6,218,0,"August 6, 1970", ,Crystalline soil of spruce overstory; Stand #16, , , , , , , , , , , ,budding, ,0, , ,0, , , , , , , ,United States,US,South Dakota,Lawrence, ,T3N R4E S17 NW1/4, ,0, ,44.220080000000003,-103.665059999999997, ,0,44.2200800000° -103.6650600000°,Kostel,SoRo Project; GeoReference Best Practices,GeoLocate, , ,0,0, , , ,5600, , , ,4/23/2025 0:00:00, ,132,e965d404-e2dc-4193-8be3-b80374bbe31f,https://swbiodiversity.org/seinet/collections/individual/index.php?occid=26967761
26967763,BHSC,BHSC,BHSC,PreservedSpecimen,8b97f260-75be-4b4f-9f26-8605767194af,BHSC0040860, ,Plantae|Spermatophyta|Tracheophyta|Magnoliophyta|Eudicots|Core Eudicots|Campanulids|Asterids|Asterales|Asteraceae|Erigeron,Plantae,Magnoliophyta, ,Asterales,Asteraceae,Erigeron speciosus,231,(Lindl.) DC.,Erigeron, ,speciosus, , , , ,Species, , , , , , , ,"Kostel, Grace M.", ,11190,2007-07-23, ,2007,7,23,204,0,"July 23, 2007", ,Picea glauca forest in steep canyon drainage with NE-aspect; soils are loam with an occasional granite outcrop, , , , , , , , , , , ,flowering, ,0, , ,0, , , , , , , ,United States,US,South Dakota,Pennington, ,"T2N R2E S35 NW1/4; Black Hills National Forest; North Fork Castle Creek Research Natural Area, ca. 1.5 miles NNW of Flag Mountain", ,0, ,44.089770000000001,-103.845209999999994, ,0,44.0897700000° -103.8452100000°, ,SoRo Project; GeoReference Best Practices,GeoLocate, , ,0,0, , , ,6200-6800, , , ,6/28/2025 0:00:00, ,132,8b97f260-75be-4b4f-9f26-8605767194af,https://swbiodiversity.org/seinet/collections/individual/index.php?occid=26967763
26967771,BHSC,BHSC,BHSC,PreservedSpecimen,eb6e9747-a716-47ff-ab1a-a93a5490c889,BHSC0042209, ,Plantae|Spermatophyta|Tracheophyta|Magnoliophyta|Eudicots|Core Eudicots|Campanulids|Asterids|Asterales|Asteraceae|Erigeron,Plantae,Magnoliophyta, ,Asterales,Asteraceae,Erigeron speciosus,231,(Lindl.) DC.,Erigeron, ,speciosus, , , , ,Species, , , , , , , ,"Kostel, Grace M.", ,11213,2007-07-23, ,2007,7,23,204,0,"July 23, 2007", ,Picea glauca forest in steep canyon drainage with NE-aspect; soils are loam with an occasional granite outcrop, , , , , , , , , , , ,flowering, ,0, , ,0, , , , , , , ,United States,US,South Dakota,Pennington, ,"T2N R2E S35 NW1/4; Black Hills National Forest; North Fork Castle Creek Research Natural Area, ca. 1.5 miles NNW of Flag Mountain", ,0, ,44.089770000000001,-103.845209999999994, ,0,44.0897700000° -103.8452100000°, ,SoRo Project; GeoReference Best Practices,GeoLocate, , ,0,0, , , ,6200-6800, , , ,6/28/2025 0:00:00, ,132,eb6e9747-a716-47ff-ab1a-a93a5490c889,https://swbiodiversity.org/seinet/collections/individual/index.php?occid=26967771
26967772,BHSC,BHSC,BHSC,PreservedSpecimen,e7cf29d5-3154-4f72-a26e-d1cc0742c732,BHSC0042480, ,Plantae|Spermatophyta|Tracheophyta|Magnoliophyta|Eudicots|Core Eudicots|Campanulids|Asterids|Asterales|Asteraceae|Erigeron,Plantae,Magnoliophyta, ,Asterales,Asteraceae,Erigeron speciosus,231,(Lindl.) DC.,Erigeron, ,speciosus, , , , ,Species, , , , , , , ,"Jangula, Joshua", ,105,2008-08-14, ,2008,8,14,227,0,"August 14, 2008", ,Soils are alluvial sand and loam in open sunny site, , , , , , , , , , , ,flowering, ,0, , ,0, , , , , , , ,United States,US,South Dakota,Pennington, ,T1N R4E S3; Black Hills National Forest Canyon City Research Natural Area, ,0, ,44.075080000000000,-103.624769999999998, ,0,44.0750800000° -103.6247700000°, ,SoRo Project; GeoReference Best Practices,GeoLocate, , ,0,0, , , ,4792, , , ,6/28/2025 0:00:00, ,132,e7cf29d5-3154-4f72-a26e-d1cc0742c732,https://swbiodiversity.org/seinet/collections/individual/index.php?occid=26967772
27200146,CS, , ,PreservedSpecimen,2b7ba661-9e85-4121-bd2c-286a25b75ed4,174236,98265,Plantae|Spermatophyta|Tracheophyta|Magnoliophyta|Eudicots|Core Eudicots|Campanulids|Asterids|Asterales|Asteraceae|Erigeron,Plantae,Magnoliophyta, ,Asterales,Asteraceae,Erigeron speciosus,231,(Lindl.) DC.,Erigeron, ,speciosus, , , , ,Species,David Rosenthal, , , , , , ,Ronald L. Hartman David Rosenthal, ,55723,1996-08-12, ,1996,8,12,225,0,12 Aug 1996, , , , , , , , , , , , , , , ,0, , ,1, , , , , , , ,United States,US,Wyoming,Park County, ,"Northern Absaroka Area: Sulfur Creek, 2-4 air mi NE of Sunlight Peak.", ,0, ,44.649999999999999,-109.689999999999998,WGS84,0, , , , , , ,2195,0, , , ,7200ft., ,en, ,1/16/2017 0:00:00,89230,30,2b7ba661-9e85-4121-bd2c-286a25b75ed4,https://swbiodiversity.org/seinet/collections/individual/index.php?occid=27200146
27208878,CS, , ,PreservedSpecimen,80bfa382-1121-4b5e-a04b-3a3eaf62839c,182955,108988,Plantae|Spermatophyta|Tracheophyta|Magnoliophyta|Eudicots|Core Eudicots|Campanulids|Asterids|Asterales|Asteraceae|Erigeron,Plantae,Magnoliophyta, ,Asterales,Asteraceae,Erigeron speciosus,231,(Lindl.) DC.,Erigeron, ,speciosus, , , , ,Species, , , , , , , ,David Rosenthal, ,590,1996-08-09, ,1996,8,9,222,0,9 August 1996, ,Alpine meadow and talus slopes, , , , , , , , , , , , , ,0, , ,1, , , , , , , ,United States,US,Wyoming,Fremont County, ,Wind River Range: Fitzpatrick Wilderness Area: Shoshone National Forest: ca 15 air mi S of Dubois. Also S16., ,0, ,43.329999999999998,-109.579999999999998,WGS84,0, , , , , , ,3200,0, , , ,10500ft., ,en, ,1/16/2017 0:00:00,97801,30,80bfa382-1121-4b5e-a04b-3a3eaf62839c,https://swbiodiversity.org/seinet/collections/individual/index.php?occid=27208878
27511002,OBI, , ,PreservedSpecimen,bd3de349-3ad0-432f-8867-d4af83feb9af,OBI168516, ,Plantae|Spermatophyta|Tracheophyta|Magnoliophyta|Eudicots|Core Eudicots|Campanulids|Asterids|Asterales|Asteraceae|Erigeron,Plantae,Magnoliophyta, ,Asterales,Asteraceae,Erigeron speciosus,231,(Lindl.) DC.,Erigeron, ,speciosus, , , , ,Species, , , , , , , ,David Keil; Melissa Luckow; Peter Bretting, ,17675,1983-08-06, ,1983,8,6,218,0,6 August 1983,"locally common in grassy field; rays purple, disk yellow",Ponderosa pine parkland area with grassy understory. Grassy field, , , , , , , , , , , , , ,0, , ,0, ,pressed herbarium specimen, ,North America, , , ,United States,US,South Dakota,Pennington, ,"Ca. 4.4 mi W of Rochford along road 231, Black Hills National Forest.", ,0, ,44.135615999999999,-103.787165999999999,WGS84,800, ,Dylan Stephens (2020-11-19 12:58:17), ,georef batch tool 2020-11-19; GeoLocate, ,"Measured along road, then halfway to hwy 251",1585,0, , , ,5200 ft, , ,kdpearso,2/12/2025 0:00:00,3793156,306,54110390-6059-460b-a230-bdf017facb5c,https://swbiodiversity.org/seinet/collections/individual/index.php?occid=27511002
27511084,OBI, , ,PreservedSpecimen,6065e2f3-4f80-46ba-8678-d2ed4fe9723d,OBI168522, ,Plantae|Spermatophyta|Tracheophyta|Magnoliophyta|Eudicots|Core Eudicots|Campanulids|Asterids|Asterales|Asteraceae|Erigeron,Plantae,Magnoliophyta, ,Asterales,Asteraceae,Erigeron speciosus,231,(Lindl.) DC.,Erigeron, ,speciosus, , , , ,Species, , , , , , , ,David Keil; Kathleen Keil, ,RM-7,1990-07-23, ,1990,7,23,204,0,23 July 1990,"occasional in meadow; rays purple, disk yellow",In meadow. Lodgepole pine forest and meadows. Scattered subalpine fir. Understory dominated by Vaccinium., , , , , , , , , , ,scattered subalpine fir; Vaccinium, , ,0, , ,0, ,pressed herbarium specimen, ,North America, , , ,United States,US,Wyoming,Sheridan, ,"Bighorn Mountains. Bighorn National Forest. Ca. 1/2 mile along Black Mountain Road, south of US Route 14.; 44.78 107.402", ,0, ,44.780000000000001,-107.402000000000001, ,0, , , ,collector, , ,2438,0, , , ,8000 ft, , ,kdpearso,2/12/2025 0:00:00,3793346,306,92903dcd-c9fa-4f7e-911e-b4ee1e609637,https://swbiodiversity.org/seinet/collections/individual/index.php?occid=27511084
28203743,CSCN, , ,PreservedSpecimen,d96f96bf-56b2-4b72-bfed-8778f6406fe5,CSCN-V-0036085, ,Plantae|Spermatophyta|Tracheophyta|Magnoliophyta|Eudicots|Core Eudicots|Campanulids|Asterids|Asterales|Asteraceae|Erigeron,Plantae,Magnoliophyta, ,Asterales,Asteraceae,Erigeron speciosus,231,(Lindl.) DC.,Erigeron, ,speciosus, , , , ,Species,CSCN staff,s.d., , , , , ,Steven B. Rolfsmeier, ,2636,1986-08-19, ,1986,8,19,231,231,19 August 1986,Common,"on open, Pinus-wooded slope.", , , , , , , , , , ,"Erigeron glabellus, Solidago nemoralis, Juniperus communis",Flr/Frt, ,0, , ,0, , , , , , , ,United States,US,South Dakota,Pennington, ,"Palmer Gulch Campground, ca 5 mi. W of Mount Rushmore.", ,0, ,43.905540000000002,-103.531143000000000,WGS84,50, ,Steven B. Rolfsmeier,SoRo; BioGeomancer Best Practices,GEOLocate, ,"Placed point on lower slope of wooded hillside, uncertatinty includes all portions of lower slope adjacent to tent campground; georeferenced 2019-10-05",0,0, , , , , , ,srolfsmeier,4/23/2025 0:00:00, ,163,d96f96bf-56b2-4b72-bfed-8778f6406fe5,https://swbiodiversity.org/seinet/collections/individual/index.php?occid=28203743
28858171,CSCN, , ,PreservedSpecimen,a2025cf7-4060-40da-a502-e369c8399d05,CSCN-V-0009666, ,Plantae|Spermatophyta|Tracheophyta|Magnoliophyta|Eudicots|Core Eudicots|Campanulids|Asterids|Asterales|Asteraceae|Erigeron,Plantae,Magnoliophyta, ,Asterales,Asteraceae,Erigeron speciosus,231,(Lindl.) DC.,Erigeron, ,speciosus, , , , ,Species,CSCN staff,s.d., , , , , ,Steven B. Rolfsmeier, ,2636,1986-08-19, ,1986,8,19,231,231,19 August 1986,Common,"on open, Pinus-wooded slope.", , , , , , , , , , ,"Erigeron glabellus, Solidago nemoralis, Juniperus communis",Flr/Frt, ,0, , ,0, , , , , , , ,United States,US,South Dakota,Pennington, ,"Palmer Gulch Campground, ca 5 mi. W of Mount Rushmore.", ,0, ,43.905540000000002,-103.531143000000000,WGS84,50, ,Steven B. Rolfsmeier,SoRo; BioGeomancer Best Practices,GEOLocate, ,"Placed point on lower slope of wooded hillside, uncertatinty includes all portions of lower slope adjacent to tent campground; georeferenced 2019-10-05",0,0, , , , , , ,srolfsmeier,6/28/2025 0:00:00, ,163,a2025cf7-4060-40da-a502-e369c8399d05,https://swbiodiversity.org/seinet/collections/individual/index.php?occid=28858171
29467836,CSCN, , ,PreservedSpecimen,186b56f2-4581-4227-ab72-99509c22fb24,CSCN-V-0009659,08026,Plantae|Spermatophyta|Tracheophyta|Magnoliophyta|Eudicots|Core Eudicots|Campanulids|Asterids|Asterales|Asteraceae|Erigeron,Plantae,Magnoliophyta, ,Asterales,Asteraceae,Erigeron speciosus,231,(Lindl.) DC.,Erigeron, ,speciosus, , , , ,Species,Julie M. Lancaster, , , , , , ,Julie M. Lancaster,"Steven B. Rolfsmeier, Susan J. Rolfsmeier",149,2003-07-24, ,2003,7,24,205,0,24 July 2003, ,Low ground near Spearfish Creek., ,"Rays purple, fls with a very light fragrance.", , , , , , , , , ,Flrs, ,0, , ,0, , , , , , , ,United States,US,South Dakota,Lawrence, ,"Spearfish; 8 mi S, 2.75 mi W; Black Hills National Forest: Long Valley Picnic Area, in Spearfish Canyon.", ,0, ,44.377777100000003,-103.913612400000005, ,0,TRS: T05N R02E sec 19 SW1/4 NE1/4 SE1/4 BHSD, , , , ,GPS,1451,0, , , ,4760 ft, , ,srolfsmeier,4/23/2025 0:00:00, ,163,186b56f2-4581-4227-ab72-99509c22fb24,https://swbiodiversity.org/seinet/collections/individual/index.php?occid=29467836
29467899,CSCN, , ,PreservedSpecimen,066a4253-7a6c-4f11-8496-5c090f5cbafe,CSCN-V-0009655,07702,Plantae|Spermatophyta|Tracheophyta|Magnoliophyta|Eudicots|Core Eudicots|Campanulids|Asterids|Asterales|Asteraceae|Erigeron,Plantae,Magnoliophyta, ,Asterales,Asteraceae,Erigeron speciosus,231,(Lindl.) DC.,Erigeron, ,speciosus, , , , ,Species,Steven B. Rolfsmeier,2005-08-23, , , , , ,Donna J. Norton,"Ronald R. Weedon, Gene A. McDowell",14,1981-09-26, ,1981,9,26,269,0,1981-09-26,Scattered,on upper banks of Spearfish Creek. Granitic soil. Spruce-fir forest., ,"Ray flowers lavender purple, disk flowers yellow", , , , , , , , , ,Flrs, ,0, , ,0, , , , , , , ,United States,US,South Dakota,Lawrence, ,1 1/2 mi SW of Cheyenne Crossing., ,0, ,44.289212999999997,-103.894199000000000,WGS 84,700, ,Bailey Steinke,SoRo; BioGeomancer Best Practices,GEOlocate, ,located Cheyenne Crossing and measured 1.5 miles SW on Hwy 85 near Spearfish Creek; georeferenced on 2022-3-7,0,0, , , , , , ,srolfsmeier,4/23/2025 0:00:00, ,163,066a4253-7a6c-4f11-8496-5c090f5cbafe,https://swbiodiversity.org/seinet/collections/individual/index.php?occid=29467899
30606949,KANU, , ,PreservedSpecimen,61f6aef5-962c-44b0-ba5f-ad9d5b73737d,424912, ,Plantae|Spermatophyta|Tracheophyta|Magnoliophyta|Eudicots|Core Eudicots|Campanulids|Asterids|Asterales|Asteraceae|Erigeron,Plantae,Magnoliophyta, ,Asterales,Asteraceae,Erigeron speciosus,231,(Lindl.) DC.,Erigeron, ,speciosus, , , , ,Species,Julie M Lancaster, , , , , , ,Julie M Lancaster; Steven B Rolfsmeier; Susan J Rolfsmeier, ,149,2003-07-24, ,2003,7,24,205,0,2003-7-24,Rays purple; flowers with a very light fragrance.,Low ground near Spearfish Creek., , , , , , , , , , , , , ,0, , ,0, , , ,North America, , , ,United States,US,South Dakota,Lawrence, ,"Spearfish, 8 mi S, 2.75 mi W; Black Hills National Forest, Long Valley Picnic area, E side of US Hwy 14A", ,0, ,44.377777799999997,-103.913611099999997,NAD27,0, , ,GPS, , , ,1451,0, , , ,4760 ft, , , ,11/18/2021 0:00:00,61f6aef5-962c-44b0-ba5f-ad9d5b73737d,455,83fdb015-3ec2-4ba1-a73f-aa6015d9484d,https://swbiodiversity.org/seinet/collections/individual/index.php?occid=30606949
30610010,KANU, , ,PreservedSpecimen,6d7897d8-426d-4f46-b460-0698c4b41cd3,131514, ,Plantae|Spermatophyta|Tracheophyta|Magnoliophyta|Eudicots|Core Eudicots|Campanulids|Asterids|Asterales|Asteraceae|Erigeron,Plantae,Magnoliophyta, ,Asterales,Asteraceae,Erigeron speciosus,231,(Lindl.) DC.,Erigeron, ,speciosus, , , , ,Species,Craig C Freeman, , , , , , ,Ronald L Hartman, ,19448,1984-08-25, ,1984,8,25,238,0,1984-8-25, ,"Coniferous forest, streamside, grassy slopes; grassy slopes.", , , , , , , , , , , , , ,0, , ,0, , , ,North America, , , ,United States,US,Wyoming,Park, ,"Absaroka Mountains, Boulder Basin Trail through Castle Creek drainage", ,0, ,44.104059999999997,-109.514043999999998,WGS84,1912, ,Craig C Freeman,online gazetteer,GEOLocate, ,2022-01-27,2743,2896, , , ,9000-9500 ft, , , ,1/27/2022 0:00:00,6d7897d8-426d-4f46-b460-0698c4b41cd3,455,b43abb9f-f950-4f8c-bd79-e1ab6fa816f0,https://swbiodiversity.org/seinet/collections/individual/index.php?occid=30610010
